surface,number_of_rooms,age,latitude,longitude,city,price,property_type,year_built,neighborhood
4754.58,5,90,35.000262,102.910493,Hezuo,725231.64,House,1974,Rural
4976.19,2,16,27.330904,117.044081,Hufang,901751.01,House,1974,Suburb
2532.76,5,82,-11.5527175,-45.2243578,Riachão das Neves,963999.03,Apartment,1935,Suburb
2670.79,6,66,48.4442035,31.0795105,Lypnyazhka,772617.92,House,1920,Suburb
4111.59,3,94,34.657162,104.549685,Taixi,916139.99,Villa,1974,Downtown
2682.03,3,29,29.72277,106.53519,Yuelai,915284.2,Villa,1938,Rural
3184.84,3,49,14.8801218,-91.4586872,San Luis,126317.65,Villa,1930,Rural
3011.29,10,17,-8.2127777,112.3456985,Binangun,589981.6,Apartment,1910,Suburb
4076.19,2,35,-6.8432007,107.612654,Wangunsari,183169.79,Apartment,1923,Rural
2504.58,8,44,69.4326713,30.8274819,Zapolyarnyy,376726.79,Apartment,2015,Rural
4850.06,1,71,37.438101,112.028866,Wenshui,655207.27,Apartment,1985,Suburb
4168.16,5,90,53.1179087,17.2873137,Osiek nad Notecią,412914.58,Apartment,1967,Rural
1699.63,10,1,43.1520105,126.4371385,Jilin,329722.86,Villa,1943,Suburb
2031.39,3,97,23.696329,117.433977,Xibu,218332.89,Condo,1983,Downtown
3676.65,1,78,43.1286974,6.1356499,Hyères,667320.44,Villa,2017,Downtown
710.91,4,43,-8.557437,114.0369075,Sumberagung,533807.39,House,1996,Rural
2472.67,6,44,49.8693962,18.7571935,Drogomyśl,690984.51,Villa,1913,Suburb
4122.97,9,27,46.2075543,16.0435885,Lepoglava,787505.51,Apartment,1942,Downtown
2932.18,7,40,3.7953482,10.1367166,Edéa,536912.08,Villa,1997,Rural
4491.14,6,23,29.985295,122.207215,Zhoushan,154633.05,Villa,1995,Suburb
3725.95,7,85,32.2821952,-90.2291565,Jackson,252387.67,House,1984,Suburb
1106.29,4,23,33.423008,102.283399,Cairima,745820.23,Apartment,1998,Rural
4130.17,6,86,13.5432995,-89.038242,San Pedro Masahuat,242977.45,Villa,1982,Rural
4842.03,5,68,-8.47089,117.4996816,Songkar B,286679.28,Apartment,1995,Suburb
4666.87,8,50,-27.604634,-50.3069088,Correia Pinto,189891.44,Apartment,1902,Rural
4687.65,3,98,49.8990161,3.3651417,Saint-Quentin,973281.98,House,1996,Downtown
3289.57,3,97,23.009805,113.088924,Ni’ao,740972.4,Apartment,1915,Suburb
1526.36,5,8,29.278608,108.098075,Dianshui,115063.13,Villa,1973,Downtown
1693.35,3,6,41.4745288,-6.3647312,Duas Igrejas,794669.8,Apartment,1921,Downtown
3913.61,7,41,40.1271927,-8.8576516,São Pedro,117149.63,Condo,1933,Rural
2725.98,5,97,50.1262873,20.1024758,Sulechów,804918.94,House,1969,Suburb
1456.61,5,63,11.423197,43.0024829,Goubétto,979019.96,Apartment,1905,Downtown
847.51,3,20,37.1691,10.03478,Al ‘Āliyah,467467.54,Condo,1963,Suburb
1002.97,3,98,52.435251,4.8501344,Zaandam,258796.23,Villa,2009,Downtown
3262.17,5,40,47.2457073,-122.4773432,Tacoma,476642.95,Villa,1996,Rural
2929.55,1,52,39.9163551,-7.4489531,Alcains,426566.17,Apartment,1942,Downtown
1642.11,2,39,-7.380316,107.9917034,Sundawenang,944028.32,Condo,1986,Rural
1565.62,7,30,13.5924758,100.1031202,Ban Phaeo,651944.81,Villa,1932,Rural
631.56,3,74,24.64995,116.156645,Changtan,812107.55,Apartment,1920,Suburb
3067.96,5,18,46.426574,14.0833019,Slovenski Javornik,362867.95,Villa,1950,Suburb
3883.32,6,91,9.9093596,-83.9959762,Cartago,731027.81,Villa,1944,Rural
1711.61,4,98,39.8911731,-86.2869507,Indianapolis,703879.24,Condo,1914,Downtown
562.26,2,51,64.1775401,25.9658805,Piippola,965834.23,Apartment,1924,Rural
3859.22,1,99,49.1571976,-123.1152602,Richmond,993491.44,House,2012,Rural
1249.22,3,40,49.6052603,17.3434944,Bukovany,594839.23,Apartment,2000,Rural
3846.63,2,23,29.39441,113.016085,Gangdong,394631.13,Apartment,1926,Downtown
1983.74,3,54,48.8902362,36.308001,Lozova,956364.72,House,1953,Suburb
4228.53,3,5,51.9601912,7.5468477,Münster,218495.4,Villa,2006,Rural
1697.57,10,60,48.9292043,40.3719341,Millerovo,544482.26,Apartment,1998,Rural
4067.53,9,22,9.8220686,124.5140325,Cogtong,991214.65,Villa,1947,Rural
2335.47,9,41,38.808984,22.6461855,Mólos,461829.83,Villa,1943,Downtown
3389.53,9,48,41.88,-87.62,Chicago,398878.57,House,1987,Rural
2755.53,1,2,28.2645193,68.4722695,Thul,771830.96,Apartment,1974,Rural
1182.77,3,37,49.5604375,13.1979079,Merklín,244916.42,House,1991,Downtown
3863.67,8,59,12.647214,102.0032957,Tha Mai,225255.82,Condo,1991,Downtown
2991.34,1,70,22.581293,113.896129,Daohe,444480.12,Apartment,1977,Rural
3207.72,5,17,27.974248,120.632896,Gaoxiang,800526.4,House,1905,Suburb
1537.89,5,56,26.908404,100.218695,Guanfang,936587.52,Condo,1947,Suburb
1315.72,1,2,26.885704,120.005147,Xiaopu,795888.05,Villa,1986,Rural
3259.35,6,20,41.303548,-8.7353479,Vila Chã,287526.22,House,1981,Suburb
3682.62,2,80,57.5129829,24.721996,Limbaži,994867.52,Apartment,1970,Suburb
3762.53,7,33,54.3924957,48.577155,Pribrezhnyy,200934.58,Villa,1935,Rural
741.03,4,23,23.561222,116.074362,Wujingfu,579817.23,Apartment,1996,Rural
4208.26,10,88,-8.2216521,113.804931,Seputih,327518.45,Apartment,1904,Downtown
841.26,2,54,-23.2585481,-55.541359,Capitán Bado,866057.53,Apartment,1930,Rural
2847.04,3,99,59.2690301,17.675786,Ekerö,609127.87,House,1998,Rural
2366.02,7,14,12.8897363,100.9010416,Nong Hin,331748.77,Villa,1968,Downtown
2406.82,8,65,48.8706152,2.2289339,Suresnes,327895.43,Villa,2008,Rural
2485.99,10,28,34.728584,112.132488,Xin’an,515129.22,Villa,1944,Downtown
4339.32,9,65,38.7102377,-90.3042778,Saint Louis,797747.79,Condo,2004,Suburb
4964.32,2,25,44.150897,17.7905271,Vitez,451025.66,House,1966,Suburb
2351.1,10,45,27.86732,107.42099,Zhonghechang,668117.79,Apartment,1959,Rural
971.59,10,47,50.9190109,23.5462738,Wojsławice,804922.58,House,1917,Rural
2377.3,2,15,16.0213558,100.417181,Bang Mun Nak,826572.12,Condo,2015,Rural
1775.97,7,78,-6.8300602,110.8374104,Jati,454814.76,Villa,1972,Suburb
2771.41,4,46,36.070149,101.931253,Yashiga,957649.71,Villa,1999,Downtown
1653.63,7,47,21.856289,103.3413048,Thị Trấn Tủa Chùa,171930.26,House,1951,Downtown
2370.61,1,55,32.7436286,74.2751428,Jalālpur,563159.72,Apartment,1973,Rural
3136.28,10,77,5.5001866,5.9938339,Ughelli,516228.1,Villa,1903,Downtown
4720.22,1,69,3.8024611,117.2205771,Sembakung,625651.87,House,1942,Downtown
3270.77,3,22,16.70056,44.41454,Rajūzah,246687.12,Apartment,1914,Rural
1209.67,2,37,49.7517708,17.919916,Lukavec,420719.73,Apartment,2009,Downtown
1021.96,10,67,6.6058668,-0.7117137,Mpraeso,405709.32,Apartment,1903,Suburb
3393.77,5,86,27.955261,112.497228,Yanglin,381306.96,Villa,1988,Rural
4981.9,1,72,15.8171073,106.2522143,Salavan,615390.12,Condo,1953,Downtown
3344.51,6,63,48.5116663,-2.7393345,Saint-Brieuc,413744.68,House,1901,Suburb
4971.09,7,28,46.0313077,29.9343459,Kulevcha,480838.3,House,1986,Downtown
3112.83,1,36,46.814102,130.375062,Qianjin,777176.06,Apartment,1961,Rural
898.49,6,58,59.7591906,30.4729492,Pushkin,586434.46,Villa,1993,Rural
1376.37,1,67,48.1665542,27.6546469,Donduşeni,852961.79,Villa,1919,Downtown
2712.88,7,27,4.9224556,13.2923232,Bélabo,417313.7,House,1955,Suburb
3515.41,3,48,13.4689232,120.9800797,Dulangan,990684.62,House,1904,Rural
4854.43,6,71,37.32273,109.155152,Xiaojie,434330.75,Apartment,1947,Suburb
3976.99,7,26,38.7797038,-9.217191,Pontinha,546723.01,House,2010,Suburb
1211.3,4,5,47.2014677,-1.5411258,Nantes,109135.4,Villa,2011,Downtown
1731.66,1,73,-23.216667,46.6666669,Ambatolaona,290467.83,House,2007,Downtown
4547.27,8,20,60.889349,24.5208664,Janakkala,559281.98,Apartment,1936,Downtown
1308.37,4,17,-7.3742259,108.4454089,Cimaragas,168759.19,House,2005,Suburb
4986.45,5,75,41.2757596,-8.1685136,Nogueira,537546.39,Villa,1998,Downtown
1325.41,1,84,37.738098,127.0336819,Uijeongbu-si,296699.36,Condo,1941,Suburb
1700.98,8,83,54.2290871,90.8414885,Bograd,996595.92,Apartment,1989,Rural
4432.57,10,27,13.4960361,-88.5299428,Berlín,598520.34,Apartment,1984,Downtown
1959.61,1,82,47.5,96.2,Ögöömör,179441.74,Apartment,1980,Downtown
516.3,6,67,38.6152027,-28.0339781,Biscoitos,239078.48,Apartment,1955,Rural
3157.22,5,83,34.2869441,-4.6605581,Tissa,702861.52,House,2015,Suburb
2668.88,3,83,56.1748458,14.849374,Karlshamn,529239.07,Villa,1983,Downtown
4697.46,1,33,44.956193,128.3838321,Weihe,681191.63,Condo,1959,Rural
3206.42,3,40,-38.8248331,-68.0677378,Cinco Saltos,187794.21,Condo,1900,Downtown
1806.69,6,53,-6.9860581,112.5364292,Sidayu,564227.13,House,1959,Downtown
1556.06,8,67,22.454651,109.682148,Mubo,530979.56,Villa,1993,Suburb
3089.0,3,56,66.3887667,23.3361439,Övertorneå,614893.23,Apartment,2004,Downtown
2872.39,8,35,50.9212447,5.9651892,Heerlen,578361.45,Condo,1974,Rural
4282.14,2,32,-18.8424187,-42.8247877,Guanhães,598285.31,Apartment,1946,Downtown
4058.29,1,16,51.50008,-107.05128,Outlook,871841.15,Villa,1940,Rural
4326.73,8,22,-32.8409806,-70.956166,Llaillay,263920.69,Condo,1926,Rural
4007.19,3,61,-40.4824138,175.3010644,Foxton,569992.64,Condo,1965,Downtown
641.21,2,46,32.457509,35.227727,Kafr Qūd,288428.0,Villa,1932,Downtown
3434.83,5,95,-19.8852788,-43.6644238,Caeté,770747.74,Condo,1927,Rural
2693.6,4,5,31.3694559,-5.7905653,Imider,374398.6,Condo,1933,Downtown
726.65,8,59,27.780089,111.502705,Kuangshan,105076.54,Apartment,1932,Downtown
1154.73,10,89,30.1921004,-81.6975206,New York City,630356.28,Apartment,1934,Suburb
1783.66,1,94,58.7462917,26.3972118,Jõgeva,789862.85,Villa,2001,Downtown
997.09,5,27,-27.7668733,-64.2415554,Los Juríes,234818.57,Villa,1906,Rural
4120.23,10,81,29.3365728,47.6755291,Al Jahrā’,558630.8,House,1987,Rural
3566.44,4,21,51.0389656,21.0648754,Września,982608.12,Apartment,1942,Suburb
2482.61,2,15,12.9626069,-2.2581158,Yako,587259.83,Villa,1967,Downtown
1988.51,3,35,22.555259,113.884019,Bao’an,497409.0,Condo,1991,Suburb
1553.09,5,60,31.396843,34.365268,Wādī as Salqā,718232.03,Villa,1951,Rural
1183.28,8,80,46.814102,130.375062,Qianjin,951553.01,House,1920,Suburb
4454.49,4,28,51.84045,39.94134,Verkhnyaya Khava,662492.0,Apartment,1991,Downtown
4570.6,3,72,53.8399736,92.6676385,Belyy Yar,549237.9,Villa,2007,Downtown
4960.33,6,81,61.6787713,64.4755218,Kommunisticheskiy,825911.78,Villa,1927,Rural
4550.12,4,5,22.2092,113.296467,Doumen,972909.39,Villa,1964,Downtown
2827.08,4,61,-12.1230818,-74.6341875,Surcubamba,866201.87,Apartment,1968,Suburb
896.3,6,94,51.1211697,58.6199937,Orsk,951811.78,Apartment,1964,Rural
505.67,2,72,51.7195968,108.5176433,Il’ka,970291.07,Villa,1990,Downtown
4064.01,7,4,68.708827,-52.870974,Aasiaat,182109.14,Villa,1944,Rural
1495.69,5,5,49.2099156,17.5307761,Otrokovice,449667.26,Condo,2003,Downtown
669.29,10,15,53.016924,70.0973718,Būrabay,282804.16,Villa,2002,Downtown
3244.64,7,10,14.6425547,121.010151,Ilihan,252802.58,Condo,1932,Suburb
4557.64,7,94,28.888555,120.047651,Yingkeng,960551.03,Villa,1971,Rural
4782.69,5,5,37.433963,118.674614,Yangying,852760.17,Condo,2009,Suburb
2697.87,10,89,-8.3765619,115.1918802,Mekarsari,947484.07,Condo,1987,Suburb
649.64,3,1,-54.8079502,-68.3214955,Ushuaia,256041.81,Villa,1937,Downtown
2318.53,3,82,30.315892,120.218758,Jianqiao,280549.9,Condo,1964,Rural
1007.21,1,53,49.9805725,19.5512903,Ryczów,875861.37,Apartment,1908,Rural
2504.38,5,97,49.8180882,22.4761571,Babice,884994.95,Villa,1933,Rural
4670.77,1,41,44.0300904,43.1270513,Pyatigorsk,358831.95,Apartment,1922,Rural
2311.23,7,72,50.5332417,23.7255557,Łaszczów,553925.41,Villa,1966,Suburb
3124.11,4,10,37.136977,140.4367415,Shiroishi,489791.28,Apartment,1910,Downtown
1459.77,7,22,55.61667,23.18333,Tytuvėnėliai,979034.01,Villa,1919,Rural
2093.07,6,55,51.1501056,21.0487361,Mirzec,751389.21,Condo,1931,Rural
3059.67,3,6,58.3234233,15.602105,Linköping,795368.26,Apartment,1992,Suburb
1778.15,2,61,6.3230608,8.1120116,Abakaliki,260080.22,Condo,1991,Rural
853.99,1,78,35.3209172,136.8367649,Obita,507221.36,Apartment,1971,Suburb
3488.55,2,78,-8.2889,114.2229,Wiyayu Barat,630107.77,Apartment,1948,Rural
1191.56,4,2,57.7106249,12.9533224,Borås,946903.2,Condo,1974,Suburb
1572.68,8,71,31.845809,114.374025,Yuzui,575779.11,Condo,1965,Suburb
2781.32,9,24,39.128291,117.251586,Hedong,802469.22,Condo,1984,Rural
994.8,4,72,48.9097908,2.7104352,Lagny-sur-Marne,185077.12,House,1904,Rural
1375.15,7,59,20.2281486,-77.2807423,Campechuela,344454.59,Condo,2014,Suburb
1679.48,1,33,53.7133491,40.9922209,Kazinka,385138.75,Villa,1962,Rural
3122.27,5,96,56.8802017,52.2966875,Uva,282020.82,Condo,1936,Suburb
4801.96,5,85,-15.5544752,-49.9417277,Itapuranga,192401.67,Apartment,2008,Downtown
1454.16,9,36,25.6067597,110.6740009,Beipai,391470.24,House,1978,Rural
4848.79,5,3,49.2121445,37.2665006,Izyum,367270.25,Apartment,1928,Rural
789.06,3,57,40.2309943,69.6869913,Chkalov,657785.28,Villa,1941,Suburb
1042.13,5,8,28.572029,109.482078,Huyuan,150142.0,House,1931,Downtown
1769.03,6,2,-34.6182974,-58.5303202,Curuzú Cuatiá,897938.68,Apartment,2017,Rural
2002.7,7,62,50.5037851,14.7986888,Bělá pod Bezdězem,356326.91,Apartment,1922,Downtown
1829.96,10,74,39.714472,77.750994,Yudaikelike,622235.21,Condo,1985,Rural
4087.52,3,11,40.0678351,44.0788197,Tandzut,594094.91,Condo,1943,Rural
1295.22,5,62,25.7988666,-100.3926054,Nueva Esperanza,539668.77,Villa,2005,Rural
898.24,10,4,45.5260852,20.5135485,Banatski Dvor,949201.19,Apartment,1953,Rural
4888.95,9,59,30.753924,120.758543,Jiaxing,511969.39,Condo,1917,Downtown
4753.74,6,34,39.10972,117.246625,Dazhigu,897990.08,Villa,1992,Rural
4155.7,2,91,55.706586,37.5186129,Zelenograd,999247.04,Apartment,1954,Suburb
1265.94,6,89,-7.9675395,112.7032945,Pakis,178260.76,House,1942,Downtown
922.5,8,59,-7.068848,109.0364038,Karangdawa Barat,870124.47,Apartment,1973,Downtown
592.59,7,59,-1.1748105,36.8304102,Kiambu,774883.44,Apartment,2008,Rural
557.61,5,18,28.228209,112.938814,Cangshi,441745.3,Condo,1987,Suburb
2402.52,4,38,57.6602926,59.656685,Uralets,731258.53,Apartment,1903,Rural
598.55,5,25,40.2655961,23.2039759,Néa Plágia,589497.9,House,2009,Suburb
3579.84,8,33,-6.1425043,106.7985107,Jembatandua,568619.55,Villa,1933,Rural
1433.36,2,42,15.8785099,120.3186429,Libas,663036.89,House,2016,Suburb
3678.25,6,42,-8.2219,113.0597,Krajanjugosari,519751.8,House,1980,Downtown
3331.81,3,89,53.532995,57.5184732,Verkhniy Avzyan,957165.95,House,1943,Rural
1359.33,5,68,40.076762,113.300129,Ditang,462608.23,Apartment,2016,Rural
2199.23,8,91,-6.4610391,106.6989632,Cogreg Wetan,643896.63,House,2001,Downtown
799.08,4,20,15.1689378,-7.2895663,Nara,842986.06,Apartment,1967,Suburb
3889.49,7,78,31.2122278,-9.7093341,Smimou,423578.61,Condo,1922,Suburb
812.43,9,73,42.8414484,21.5766407,Medveđa,721042.92,House,1943,Downtown
1034.85,3,58,37.9810474,23.6498494,Korydallós,983430.53,Condo,1918,Rural
1787.96,7,71,30.063748,113.562835,Huangjiakou,234701.42,Condo,1938,Suburb
3268.74,1,10,50.122577,26.1149716,Shums’k,806652.32,Condo,1903,Suburb
1788.68,6,99,67.6955232,24.8590222,Kittilä,792275.11,House,1971,Suburb
4641.33,2,14,22.302496,113.363816,Shenwan,379006.03,Villa,1985,Downtown
2814.0,4,51,14.2054868,-86.6069287,Las Ánimas,122202.25,Apartment,1906,Downtown
4949.96,3,78,49.5458457,19.0802389,Milówka,920175.09,Villa,1936,Downtown
3872.97,7,53,50.8177069,15.7230035,Sosnówka,669880.76,Apartment,1970,Downtown
3101.64,9,87,48.840109,2.586253,Marne-la-Vallée,427856.87,Apartment,1996,Downtown
4357.25,5,23,-6.9114323,107.5771444,Andir,449190.48,Villa,1966,Suburb
2713.59,8,15,57.033151,22.7767899,Kandava,517375.13,Condo,1917,Downtown
2522.49,8,34,-46.805871,-67.9440112,Pico Truncado,601117.66,Villa,2004,Rural
3412.28,3,18,23.365556,116.70345,Jinping,435445.43,Apartment,1993,Suburb
4303.2,5,42,35.91784,64.7755147,Maymana,247450.55,House,2017,Downtown
4895.28,2,31,-4.0078909,-79.2112769,Loja,666453.08,House,1957,Suburb
1840.36,7,77,-10.4571094,-77.3270581,Acas,812813.93,Villa,1993,Downtown
3403.45,7,70,48.8373554,2.2682399,Issy-les-Moulineaux,193069.9,Condo,1915,Rural
2887.18,3,29,38.456354,99.542709,Yeniugou,878032.8,House,2007,Suburb
2619.06,6,74,35.892152,14.5075482,Floriana,131462.63,House,1954,Rural
844.57,1,83,11.2284137,123.0895987,Tambalisa,113033.42,Condo,2000,Suburb
1039.31,8,51,36.905485,140.4069331,Ueda,581452.69,Villa,1903,Suburb
2919.26,1,75,31.231121,121.466039,Taibao,246448.86,Villa,1912,Rural
4856.23,8,65,-6.3623241,106.0991261,Kadugedong,373605.91,Villa,1937,Rural
1444.56,6,26,-7.1550291,112.5721881,Gresik,694374.16,Apartment,1909,Suburb
986.49,3,70,8.5052219,125.9753765,Dado,361499.14,Apartment,1995,Downtown
1862.59,1,29,-20.2307033,-70.1356692,Iquique,439250.63,Villa,1971,Suburb
4683.74,1,22,22.2304314,113.5411611,Huangqiang,557087.36,Condo,1977,Suburb
4789.26,2,74,52.1798263,85.9642685,Ust’-Isha,618596.19,Villa,1956,Suburb
4020.16,5,29,46.798163,134.013872,Erdaohe,280067.53,Villa,2017,Downtown
2534.5,8,61,6.2132663,31.5655424,Bor,519096.02,Villa,1941,Rural
4664.17,9,100,60.1518638,59.9684485,Severoural’sk,508986.42,Villa,1928,Downtown
3909.24,7,76,10.0165314,-84.2184331,Alajuela,844352.55,Villa,2015,Suburb
4495.68,4,58,55.1952113,32.4000893,Dukhovshchina,945127.45,Condo,1990,Suburb
3398.96,7,41,49.735524,13.7575556,Strašice,405575.65,Condo,1925,Rural
4154.25,10,88,45.590443,5.8930389,Chambéry,870792.22,Condo,1958,Suburb
2668.19,3,38,46.23333,29.83333,Kamyshevka Vtoraya,229204.82,Condo,1923,Downtown
2232.04,1,77,8.0951588,-76.7284559,Turbo,463833.18,Villa,1965,Rural
1186.43,1,64,50.0509609,72.9660737,Temirtau,376659.57,Apartment,1998,Rural
881.78,3,1,54.7318321,28.0605963,Byahoml’,787832.54,Apartment,1980,Rural
2614.95,1,5,20.6213895,105.2775923,Thị Trấn Mường Khến,505116.67,Villa,1984,Downtown
805.27,10,80,-6.8973,113.5316,Rokem Barat,285381.03,Villa,2007,Rural
3062.19,4,7,5.9840985,116.0761121,Kota Kinabalu,263674.42,Villa,2002,Rural
1541.38,1,44,37.4732405,126.6311968,Yŏng-dong,404164.97,Villa,1942,Downtown
3557.86,1,3,14.572396,120.995514,Linao,347976.15,House,1941,Rural
2192.46,10,1,50.0795334,12.3698636,Cheb,498621.13,Apartment,1960,Suburb
1087.7,10,89,32.118776,115.634159,Gaomiaoji,333412.03,Apartment,2016,Downtown
3450.45,4,69,14.5919106,121.0228804,Bagumbayan,348486.27,Villa,1939,Rural
2897.63,1,77,13.0958903,8.0028892,Mashi,974846.37,Condo,1961,Rural
2498.09,8,81,-6.7944214,110.7867474,Kedungdowo,525871.46,Condo,1917,Rural
2901.6,10,80,4.842716,7.8558357,Etinan,803243.15,Villa,1963,Rural
639.58,2,21,-7.1259703,112.4023244,Sukomulyo,799904.95,Condo,1994,Suburb
842.98,1,46,46.9656528,28.7657722,Ialoveni,632231.4,Apartment,2010,Rural
4225.34,8,20,40.4529251,49.7333235,Khirdalan,681522.06,Condo,1991,Downtown
3963.18,9,32,31.031384,118.712281,Juntang,670248.75,Villa,1996,Downtown
4275.67,9,74,34.540852,109.44096,Baiyang,244240.11,House,1936,Downtown
2550.32,1,12,30.614049,104.067152,Tongzilin,707060.97,Condo,1979,Suburb
1742.84,7,54,-7.0549395,107.6451458,Arjasari,324761.84,Villa,1991,Suburb
1530.16,3,9,-9.833333,120.216667,Laau,433083.2,Villa,1950,Suburb
813.31,9,50,55.0868852,82.6436105,Krivodanovka,501019.7,Condo,1991,Rural
3949.45,2,46,-6.9556847,112.4917291,Wotan,270785.48,Apartment,1937,Suburb
3010.66,1,8,-33.2307354,20.5826261,Laingsburg,895501.4,Apartment,1903,Downtown
4725.33,5,75,-6.633688,107.1573142,Sirnasari,204188.84,Condo,1970,Rural
842.84,7,44,40.5463267,22.2682863,Diavatós,218515.78,House,1915,Downtown
506.44,6,61,49.8856487,22.1027541,Błażowa,460468.16,House,1981,Downtown
3684.1,5,58,18.1219608,121.6723186,Magapit,873540.99,House,1905,Downtown
1732.67,6,53,12.405227,121.990643,Dapawan,106006.87,Villa,1939,Downtown
1195.54,10,44,24.168957,102.405819,Eshan,687674.26,Villa,1939,Rural
1806.37,7,8,38.4832851,-9.1025502,Charneca da Cotovia,848621.31,House,1922,Downtown
4392.55,9,61,12.5258542,-86.2907568,Valle San Francisco,567313.44,Villa,1941,Downtown
4018.03,7,79,39.6545102,-7.6712121,Vila Velha de Ródão,701164.57,House,1965,Suburb
745.71,4,86,52.856485,18.8133859,Raciążek,635046.12,House,1972,Downtown
770.69,9,39,-17.9906981,-63.3832653,Santiago del Torno,560756.07,House,1940,Suburb
4394.51,6,68,21.8405365,-78.7589558,Ciego de Ávila,940181.34,Apartment,1903,Rural
4774.67,2,14,31.031618,113.698728,Qingminghe,816504.79,Villa,1908,Suburb
4127.59,6,69,45.6739962,4.956609,Saint-Priest,285991.24,House,1987,Downtown
529.21,6,71,32.3622982,120.5285929,Gaoshi,496890.45,House,1967,Suburb
2570.99,5,86,39.726929,116.341395,Daxing,869153.79,Apartment,1925,Rural
3634.87,6,20,3.0100681,101.5326734,Shah Alam,104375.14,Condo,1946,Rural
1736.19,3,9,38.3080648,23.6391172,Oinófyta,422487.04,Condo,1962,Suburb
974.98,5,32,8.287423,100.1927389,Pak Phanang,802373.19,Condo,1959,Downtown
2305.04,1,29,22.5064672,-79.4760133,Caibarién,904195.13,Villa,1939,Downtown
4059.63,3,41,52.9718428,63.1128326,Rudnyy,574771.66,House,1999,Downtown
3521.85,8,76,30.9781287,31.162448,Al Maḩallah al Kubrá,139924.7,Apartment,1925,Downtown
2306.95,6,80,-24.7023134,-48.0076188,Jacupiranga,904108.87,House,1968,Rural
3716.16,9,81,-21.9221397,-50.7317774,Bastos,497997.2,Apartment,1928,Downtown
2832.82,9,57,-8.7067624,121.067907,Soa,719330.23,Villa,1910,Downtown
2498.73,1,4,50.2145927,28.4037924,Denyshi,573687.18,Apartment,1981,Suburb
3495.28,10,70,41.3336366,-8.5749394,Castêlo,497495.26,Apartment,1915,Suburb
4578.97,5,26,-34.5078338,-58.5277156,Puerto Rico,126354.92,Villa,1966,Rural
2434.33,7,75,30.86006,108.650157,Zhoujiaba,151462.74,Apartment,1920,Suburb
1588.75,6,72,39.9041999,116.4073963,Neikeng,764688.13,Condo,2019,Downtown
1413.8,10,39,30.698901,103.998074,Jiufang,332819.82,Villa,1955,Downtown
3506.9,7,58,40.6335427,47.467431,Ağdaş,347749.73,Villa,1900,Suburb
3646.93,4,20,14.637051,121.017819,Paraiso,575052.5,House,2015,Downtown
2103.64,6,15,49.8296261,21.7407302,Wysoka Strzyżowska,177877.5,Villa,2000,Downtown
3119.65,9,98,36.7534267,139.2308293,Sukagawa,672515.18,House,1915,Suburb
798.62,5,27,30.475663,-87.193563,Pensacola,405112.01,Villa,2016,Suburb
3931.8,1,24,-8.3075674,114.9813499,Bantiran,648996.46,Apartment,1979,Suburb
1233.22,10,59,-7.3266223,108.2881709,Desa Gegempalan,439595.27,Condo,2019,Suburb
1842.72,9,33,27.356747,110.944708,Liuduzhai,936722.57,Villa,1948,Downtown
1005.34,5,52,33.5041035,11.0881494,Zarzis,956616.5,Condo,1933,Suburb
2840.91,5,36,32.75348,106.135955,Huangbayi,580998.53,Villa,1942,Suburb
2420.75,6,27,50.1069802,20.6303821,Szczurowa,332234.18,Villa,1938,Downtown
1637.49,10,91,63.3767052,23.472317,Evijärvi,290910.24,Condo,1989,Rural
3644.05,7,52,43.6085373,1.4525313,Toulouse,252456.63,Apartment,1936,Suburb
1058.75,2,90,-4.8905153,-81.0368211,Arenal,355437.62,Villa,1946,Rural
4335.06,2,58,57.0384344,54.0037032,Votkinsk,926852.85,Villa,1911,Downtown
2915.3,3,20,39.726929,116.341395,Daxing,680860.29,Apartment,2021,Downtown
1644.3,2,23,39.3666967,-9.0250527,Outeiro,230599.65,Apartment,1914,Rural
4217.63,5,15,55.1860004,44.1197993,Shatki,188769.75,Villa,1998,Rural
2696.66,10,90,27.3115158,30.9713333,Manfalūţ,996819.5,Condo,1969,Downtown
561.3,8,6,10.656869,38.1662152,Debre Werk’,371824.35,Apartment,1915,Suburb
1743.97,3,85,49.1931313,-0.3907558,Caen,357957.59,Condo,1935,Downtown
2348.98,4,40,49.2216972,17.3562648,Milovice,692865.25,Apartment,2019,Rural
1809.51,9,61,14.5671014,121.0312325,San Agustin,919494.31,Apartment,2001,Suburb
1898.07,1,45,41.3456622,23.9060624,Káto Nevrokópi,623023.93,Condo,1933,Rural
2547.69,9,23,39.8086333,116.4455561,Guojia,144661.95,House,1921,Suburb
1957.94,4,23,45.1810672,18.6692248,Cerna,897501.21,Condo,1911,Downtown
521.82,1,40,23.021478,113.121435,Mufushan,245154.36,House,1992,Rural
1606.48,2,49,44.9878037,20.2567012,Stari Banovci,755922.54,Apartment,1947,Rural
1085.8,2,50,49.2060334,15.5181999,Telč,272112.69,Condo,1915,Downtown
1504.64,7,20,49.8599769,17.3111016,Kněžpole,919390.6,House,1905,Suburb
2332.25,2,97,19.3579802,-99.0806088,San Miguel,737172.07,Condo,1945,Downtown
874.38,9,18,35.1654999,45.9896078,Ḩalabjah,193858.14,Apartment,1930,Downtown
3869.68,6,97,40.621506,119.9745295,Datun,735920.52,Condo,1951,Downtown
3627.21,8,58,55.7165288,37.784921,Ryazanskiy,684098.43,Condo,1995,Rural
1325.21,2,6,40.5126881,-8.1587128,Corga,647997.15,Villa,1953,Downtown
2679.82,2,76,32.045589,34.876578,Savyon,963650.93,Condo,1911,Downtown
2096.45,8,95,-0.223997,111.391098,Rangah,378483.46,Condo,1916,Suburb
2091.33,1,81,43.865595,125.374217,Erdao,190133.79,House,1958,Downtown
4629.09,9,67,52.5077777,5.4757709,Lelystad,826179.02,House,1969,Rural
867.57,3,57,59.312956,18.068285,Stockholm,251230.04,Villa,1918,Rural
3412.19,6,84,39.2476884,21.1614231,Áno Kalentíni,376707.32,House,1927,Rural
2835.45,2,10,55.590397,37.6278499,Biryulëvo Zapadnoye,803915.83,Condo,1977,Downtown
3537.35,7,76,13.9755122,-89.217002,El Paisnal,804270.2,House,1927,Suburb
3442.27,4,58,-8.073071,113.1173534,Bedayutalang,705982.66,Condo,1962,Suburb
3650.38,4,19,40.087301,116.31098,Zhizhong,410224.66,Condo,1971,Rural
1936.09,7,14,19.2273454,99.9608287,Phu Kam Yao,117642.36,Villa,1983,Rural
3446.04,7,14,43.3250688,132.3546464,Shkotovo,232116.06,Apartment,2000,Rural
4670.88,5,84,16.004175,120.7806412,San Quintin,513763.1,Villa,1948,Suburb
2667.48,3,8,32.5067042,36.8519377,Malaḩ,144859.7,Condo,2014,Rural
3203.05,4,41,-19.9661142,-43.1359542,Rio Piracicaba,986165.95,Villa,1941,Suburb
1547.77,4,68,39.7541856,-8.9232253,Casal Galego,921362.92,Villa,1936,Suburb
1635.87,6,78,43.4931556,5.3698187,Aix-en-Provence,273590.3,Condo,1902,Downtown
4057.31,3,34,60.3198565,23.8212698,Sammatti,349009.86,Condo,1992,Downtown
3622.24,10,71,-21.6437404,-45.9420118,Machado,362064.22,Apartment,1968,Downtown
4799.3,3,13,14.6004472,121.030802,Carriedo,628048.96,House,1960,Rural
1576.21,5,86,9.2217178,-65.9794807,Valle de La Pascua,978925.34,House,2008,Downtown
4526.11,5,86,37.2697222,55.4305486,Gālīkesh,352990.98,Apartment,1991,Suburb
937.03,4,95,41.933917,126.422806,Baiheshan,957977.56,House,1976,Suburb
877.43,5,6,22.543096,114.057865,Sunzhen,994150.19,House,1967,Downtown
1152.67,6,49,45.3106092,41.0495422,Temizhbekskaya,873651.43,Condo,1921,Downtown
2054.66,9,34,-24.4748345,-49.8956943,Piraí do Sul,563730.28,House,1916,Suburb
2095.51,10,93,-22.9798639,-49.8699589,Ourinhos,940878.2,Condo,1972,Rural
3969.2,2,56,28.1328796,-15.4393074,"Palmas De Gran Canaria, Las",692315.49,Condo,1925,Downtown
1932.47,9,24,23.170455,114.419667,Xiaojinkou,528634.52,Condo,2001,Rural
4707.42,5,6,28.074649,119.141473,Lingquan,990355.33,Apartment,1956,Suburb
3772.26,10,90,-8.5316,121.26,Wewoloe,197380.25,Apartment,1965,Suburb
4652.52,3,36,4.6096768,101.1064003,Ipoh,528438.65,Apartment,1958,Suburb
1414.59,9,2,23.090657,113.276884,Changgang,129194.55,Apartment,1940,Downtown
3685.87,4,97,53.2622714,17.2557665,Łobżenica,367634.78,Villa,2009,Downtown
2457.76,7,56,59.3019771,18.0885223,Stockholm,165953.23,Condo,1961,Downtown
4187.0,6,50,49.2152833,17.7687416,Lípa,995656.89,Apartment,1986,Rural
3655.23,4,76,23.883531,110.666614,Daojiang,464063.1,House,1942,Rural
1737.49,10,88,-7.2599544,112.7554346,Pacarkeling,971218.73,Apartment,2002,Downtown
1274.77,6,16,31.9339724,118.670339,Hongmiao,149342.57,Villa,1917,Rural
4792.8,4,90,-28.7137096,-49.3091437,Içara,455233.51,Condo,1971,Suburb
4299.31,10,59,-8.1545561,113.1981987,Kebonsari Kidul,537445.17,House,1996,Downtown
3437.17,10,72,-16.4359692,-71.6050339,Tiabaya,497363.42,Villa,2003,Rural
3440.38,6,22,-6.7140331,111.6295545,Kebloran,692289.89,House,1955,Downtown
2836.96,1,63,44.023338,43.0973244,Rodnikovskaya,556065.48,Condo,1981,Suburb
2843.69,3,36,-3.7368149,119.5803605,Cempa,612638.77,Condo,1903,Suburb
3208.97,8,89,7.0540231,125.6018728,Candelaria,971190.48,Villa,1984,Suburb
4531.89,1,41,11.9781075,18.2110626,Bitkine,201191.13,Apartment,2008,Rural
615.5,7,39,-11.7172157,43.2473146,Moroni,517790.61,Condo,1994,Downtown
2862.1,7,71,53.0226508,20.4361149,Stupsk,412124.31,Apartment,1993,Downtown
3542.8,2,5,48.8493975,2.4751086,Fontenay-sous-Bois,154693.28,Villa,2006,Rural
2394.58,3,12,35.3372599,139.4046734,Chigasaki,570339.27,Apartment,1991,Rural
2764.6,2,17,35.1541677,37.2089056,Şabbūrah,896993.87,Condo,1976,Suburb
713.1,1,93,38.6125141,-9.0820766,Vale de Rolas,639438.39,Condo,1981,Suburb
4913.07,10,82,50.4398775,3.3941571,Saint-Amand-les-Eaux,393937.25,House,1925,Rural
4285.19,7,79,-19.0098182,47.1800893,Arivonimamo,637943.1,Apartment,1918,Rural
4218.22,1,23,28.074649,119.141473,Longquan,932075.45,Condo,2020,Downtown
2241.51,1,57,10.3578054,105.6308159,Lấp Vò,903069.19,Villa,1936,Suburb
1919.29,2,33,36.962751,100.901228,Wosai,692720.44,Condo,2004,Downtown
2128.46,7,65,43.2588087,45.4197638,Zakan-Yurt,971953.17,House,1974,Rural
2054.61,4,19,55.5807611,37.7673912,Orekhovo-Borisovo Severnoye,789840.64,House,1903,Downtown
4228.9,8,74,-17.0918434,-71.7711448,Cocachacra,665557.43,Apartment,1955,Rural
4268.5,8,64,25.8007724,-100.4277766,San Jose,957157.21,Villa,1969,Suburb
2114.25,7,59,23.0365513,-81.2133262,Cárdenas,897988.76,Apartment,1905,Rural
4761.65,6,51,34.0375944,48.4631098,pamas,122552.71,Villa,2009,Downtown
3736.76,5,65,-7.1476205,112.861196,Dlemer,646449.89,Condo,1909,Rural
3860.49,7,33,52.2509369,-7.1297243,Daingean,457650.07,Apartment,1943,Rural
1432.08,2,32,59.9294476,30.3651444,Kurba,527410.3,Condo,2021,Rural
1515.84,7,67,36.706962,119.161748,Wafang,382687.26,Apartment,2021,Rural
2710.71,4,47,42.9177058,125.0428455,Pailiao,628312.53,Villa,2009,Rural
3880.97,5,82,53.5855087,-116.4428615,Edson,659144.99,Condo,1953,Rural
787.68,5,15,25.63273,118.980277,Zhuangbian,506899.75,House,1929,Downtown
2309.31,4,9,-8.269535,122.8950755,Kawaliwu,836818.79,Villa,1960,Downtown
3104.21,4,53,29.956858,107.209965,Shuanglong,340104.83,House,1962,Rural
2143.6,3,94,7.5617699,125.6532848,Kinamayan,247303.43,Villa,1995,Suburb
4381.88,2,16,-6.1425043,106.7985107,Jembatandua,423052.87,House,2013,Downtown
3794.57,5,63,10.5942421,104.1640355,Kampot,318593.82,Condo,1919,Suburb
4154.01,5,38,16.5347882,97.6032892,Martaban,188738.06,Villa,1950,Suburb
2021.74,5,92,52.2802311,10.5390217,Braunschweig,912915.49,Condo,1998,Downtown
929.42,8,92,37.9442881,23.7117556,Néa Smýrni,985718.44,Apartment,1902,Rural
3450.14,10,87,-7.1008,108.2796,Jongorsari,150975.16,Condo,1943,Rural
3043.69,5,53,28.600129,112.206895,Xinqiaohe,514881.64,House,1961,Downtown
2155.96,10,74,36.040149,101.433298,Gaide,928993.58,Condo,1926,Suburb
2086.22,10,82,51.3798501,20.2757746,Opoczno,668363.35,Apartment,1975,Rural
2668.23,3,69,3.3273599,117.5785049,Taraan,373416.77,House,1915,Suburb
2362.76,6,35,-34.6573647,-58.3626864,General Levalle,211706.29,Condo,1983,Rural
821.27,7,25,14.4184896,-90.2440545,Casillas,395547.44,Apartment,1906,Downtown
1618.11,2,55,44.4645876,11.3727437,Bologna,241040.95,Condo,1983,Suburb
1862.95,1,93,28.30993,109.202036,Changxingbao,199072.6,Villa,1954,Downtown
1782.25,1,89,30.54251,119.9774,Deqing,850121.22,House,1962,Downtown
4731.39,2,62,47.9318074,5.2893597,La Rochelle,194438.1,Apartment,1969,Downtown
3888.47,10,72,20.775698,-103.6951543,El Arenal,871543.41,Villa,1926,Downtown
1626.45,9,77,43.8832308,141.7351885,Rumoi,800420.33,House,1986,Downtown
3537.35,1,61,39.242504,77.73699,Wuku,935420.92,House,1988,Rural
4090.02,7,43,10.122667,123.540401,Barili,338325.92,Villa,1939,Downtown
878.6,6,96,-6.1410265,12.3521148,Soio,127400.71,House,1943,Suburb
4684.64,6,31,56.7034937,41.3503153,Kolobovo,110855.93,House,1942,Suburb
2465.37,4,31,58.5355022,25.4666818,Suure-Jaani,971075.51,Condo,1955,Rural
3548.87,5,98,8.9924711,-79.5069436,San Francisco,343096.9,Condo,1968,Downtown
1178.6,8,78,23.69589,113.645048,Panxi,562978.51,House,1996,Suburb
3026.17,3,21,-43.7567555,172.0223196,Rakaia,969932.0,House,2005,Suburb
1968.42,2,8,13.06667,123.61667,Salvacion,866081.6,Condo,2015,Suburb
2493.77,3,61,14.2345436,121.0929584,Cabuyao,978793.59,Apartment,1900,Suburb
3337.6,5,72,39.1934799,117.0775313,Hanjiashu,265825.77,Villa,1913,Downtown
2360.77,2,86,51.9850245,4.3871967,Delft,899149.21,Apartment,2011,Downtown
1524.25,4,27,-7.8236568,-78.4478594,Charat,441942.3,Apartment,1921,Suburb
3996.22,6,18,10.890811,124.457075,Matlang,247359.87,House,2011,Downtown
1177.4,7,16,49.7624347,19.0904515,Wilkowice,940160.13,Condo,1994,Rural
1687.61,9,63,35.6574826,50.9762063,Malārd,385528.28,Apartment,2007,Suburb
4694.43,8,18,31.680023,114.576901,Huwan,576145.59,Villa,1975,Suburb
939.24,5,52,41.6167547,41.6367455,Batumi,232218.93,Villa,1994,Rural
4795.7,8,79,-9.5295,119.2674,Watulabara,363720.9,Villa,1903,Rural
1550.2,3,40,43.817071,125.323544,Changchuan,341784.52,House,1947,Suburb
1943.74,1,35,59.3887625,30.2867644,Vatutino,379665.43,Villa,1980,Downtown
2888.97,10,43,50.6157447,34.9855215,Boromlya,213740.93,Condo,2002,Suburb
1703.81,2,8,10.4675987,-68.5575062,Farriar,376082.92,House,1985,Suburb
3764.56,1,87,42.229169,-8.7026991,Vigo,877071.06,House,2000,Suburb
1411.31,8,12,40.2272711,43.8717749,Dalarik,950126.21,Apartment,1912,Suburb
2346.13,8,97,21.1596123,-76.4736602,Jesús Menéndez,842838.21,Condo,2011,Rural
1877.89,7,15,-7.7607338,112.1698476,Pelem,502102.8,House,1904,Downtown
2330.11,3,68,55.7558852,37.8775383,Vostochnyy,533800.38,Apartment,1965,Downtown
1293.52,10,1,62.155883,129.8236089,Zhatay,550424.4,Condo,1902,Suburb
3844.4,4,54,41.027474,21.335741,Bitola,152331.64,Condo,2010,Rural
3037.17,3,6,30.291745,122.202207,Daidaon,663551.31,Apartment,1969,Downtown
2186.39,1,28,39.646905,97.130625,Yu’erhong,391814.24,House,1973,Downtown
1813.54,6,48,-23.4554707,-52.0423373,Paiçandu,382137.0,Condo,1927,Downtown
2504.01,8,77,45.3394939,39.0743226,Staromyshastovskaya,806271.09,Condo,1983,Suburb
2069.96,6,65,10.4320215,-61.4493842,Couva,916307.1,Condo,1914,Rural
2004.92,3,53,54.357088,21.315311,Zheleznodorozhnyy,882724.55,Condo,1904,Downtown
1403.58,5,17,9.2185369,41.1023814,Hīrna,803929.61,Apartment,1924,Rural
3145.59,4,52,-16.0222492,-49.8004866,Itaberaí,467203.69,Condo,1952,Downtown
3634.63,8,36,32.460037,112.228897,Liuji,628735.85,House,1924,Suburb
2447.92,10,25,32.8449406,36.2251116,Izra‘,732575.88,Apartment,1917,Rural
1471.34,6,80,51.07588,17.72244,Namysłów,756325.33,Apartment,1906,Downtown
3118.05,4,6,40.4878138,-7.8661822,Caldas da Felgueira,933231.87,Villa,1916,Suburb
2700.69,7,23,53.746745,62.0609273,Komsomolets,834288.11,Condo,1987,Suburb
1221.25,9,89,14.0155209,122.4776048,Kinatakutan,985421.23,Villa,2015,Downtown
3539.9,3,81,33.3074734,130.3745544,Kanzaki,728613.94,Villa,1982,Downtown
1420.92,8,5,6.36115,126.17778,Pondaguitan,953186.46,Condo,1997,Rural
553.33,8,14,-5.1443118,-38.0850339,Limoeiro do Norte,742652.78,Apartment,1903,Downtown
2188.82,7,26,33.039715,115.263115,Linquan,375184.17,House,1962,Downtown
2197.51,1,62,14.6760848,120.9873093,Little Baguio,321827.96,House,1937,Downtown
2937.48,6,38,38.6289203,-90.2051538,Saint Louis,964032.51,Apartment,1962,Rural
752.55,6,92,40.9817461,20.5073937,Proptisht,732261.08,Villa,2006,Suburb
3877.71,9,59,54.7278753,31.9292855,Smolensk,196996.38,Apartment,1904,Downtown
4932.12,1,99,49.663978,90.2905901,Bayshint,697078.42,House,1981,Suburb
4572.7,7,4,33.5210036,36.2861306,Ar Rawḑah,524397.57,Condo,1999,Rural
1961.07,1,43,45.911222,127.059486,Tangfang,911034.14,Condo,1976,Suburb
1662.42,7,71,57.7328579,12.0745352,Göteborg,417590.78,House,1952,Suburb
4993.65,6,45,3.1523104,101.7178316,Kuala Lumpur,111979.36,Villa,1919,Rural
1843.13,4,96,38.1661758,-7.888224,Cuba,408573.52,Apartment,1943,Suburb
3067.52,2,26,30.025924,121.166112,Shitong,224178.0,Condo,1975,Downtown
1453.45,3,94,43.8914144,20.3501652,Čačak,982534.55,Apartment,1969,Rural
706.49,3,89,8.1180013,123.9864049,Maigo,253589.72,Apartment,2004,Downtown
3323.42,7,30,-7.8748176,110.3255365,Bantul,493844.06,Villa,1947,Suburb
4689.26,6,80,36.80752,43.03831,Sīnah,339081.76,Condo,1906,Downtown
3575.07,6,20,-11.6104897,43.3891826,Mtsamdou,424833.88,Condo,1932,Rural
1635.72,8,94,53.3274494,17.8753018,Koronowo,741374.21,House,1944,Downtown
2054.21,1,5,7.5273576,125.6239227,Santo Tomas,623925.6,Condo,1931,Rural
1336.37,5,73,32.7827213,131.1627748,Ise,448386.42,Condo,1958,Suburb
2135.9,3,15,29.584292,111.380014,Shimen,750807.68,Condo,2005,Suburb
3429.7,5,38,41.244729,-96.3966046,Yutan,400175.38,Villa,1991,Suburb
4954.44,5,85,40.8123781,49.4656047,Şuraabad,626343.94,Villa,2016,Downtown
3610.96,2,49,40.5410214,44.7690148,Kotayk’,291354.01,Villa,1987,Suburb
3966.53,10,91,36.498937,117.026653,Zhong’an,920284.44,House,1995,Suburb
3169.26,4,81,18.412445,109.971328,Xincun,470949.16,Villa,1902,Rural
2616.52,5,63,13.7983338,107.6866471,Chư Ty,270496.65,Villa,1930,Suburb
963.1,7,79,-6.5055,106.4959,Garisul,763695.52,Condo,1937,Suburb
2424.47,1,17,40.1694467,-8.4784931,Albergaria,242791.99,Villa,2015,Suburb
3156.65,2,81,32.0169411,36.0494112,Russeifa,158022.46,House,1966,Rural
2741.36,7,11,-8.4963229,123.3766669,Puor,661521.01,Condo,2013,Suburb
4653.57,8,22,31.017497,121.309354,Pingshui,715881.81,House,1936,Rural
1976.88,4,87,35.547715,103.506415,Qiangtou,691832.6,Apartment,1977,Downtown
3853.58,9,46,43.9071313,125.3462629,Ruihong,154879.81,Villa,1927,Suburb
4913.4,1,14,9.9160172,123.9154682,Abucayan,544972.93,Villa,2003,Suburb
1379.08,4,17,-8.6900261,121.6226051,Boafeo,423474.29,Condo,2003,Rural
4971.82,1,37,32.094009,111.983928,Niushou,526882.95,Apartment,1919,Suburb
1939.12,3,42,52.066952,5.2407431,Zeist,585589.31,House,1929,Suburb
4697.83,7,19,30.779444,120.00922,Miaoxi,631690.76,Villa,2001,Rural
1278.59,10,5,-8.4334199,123.3682521,Paobokol,496637.36,Villa,1921,Suburb
3961.22,2,77,14.1163511,121.2225723,Bitin,562667.22,Apartment,1919,Downtown
1158.15,6,75,15.7631488,99.7344154,Lat Yao,921999.08,House,1948,Rural
4612.13,8,69,-17.5495741,-149.7905619,Afareaitu,476119.1,Condo,1974,Downtown
1572.4,9,32,-6.3514294,105.9141793,Sampangbitung,431689.79,House,1993,Suburb
959.03,4,39,41.4495777,-8.3894249,Vermil,127991.7,Apartment,1971,Downtown
4151.36,1,91,12.4503003,-3.4700327,Dédougou,869415.44,Condo,1956,Suburb
3633.92,6,81,50.1283894,15.9182326,Býšť,360251.38,Villa,1914,Suburb
2192.56,7,64,28.998299,110.464464,Baishuitan,762986.5,Villa,1940,Rural
3217.31,6,99,17.9567646,-102.1943485,Lazaro Cardenas,922987.68,House,1910,Suburb
1538.37,5,30,-7.1916713,-79.5139718,Pueblo Nuevo,723791.79,Villa,1935,Rural
3303.13,9,62,27.252847,116.632891,Toufang,349693.55,Villa,1920,Rural
1082.37,6,66,59.2830988,18.033347,Älvsjö,735590.98,Apartment,2003,Downtown
1644.66,6,8,26.419602,111.8132691,Sankoutang,920854.14,Villa,1947,Downtown
3586.33,9,44,-18.9201331,29.8236554,Kwekwe,428207.54,Apartment,2002,Downtown
524.96,6,7,27.69965,108.839557,Jiangkou,526412.35,Condo,1978,Downtown
4780.74,3,4,58.465971,16.1860744,Söderköping,856649.2,Condo,2004,Downtown
2184.54,4,79,43.475292,43.61997,Vol’nyy Aul,236116.35,Villa,1945,Suburb
4473.5,7,27,28.2227572,81.3289397,Gulariyā,204851.77,House,1912,Suburb
4199.69,3,16,8.8926971,126.3014034,Cagwait,372907.97,Villa,1936,Downtown
1701.95,3,39,-27.8706817,-54.4801558,Santa Rosa,620358.0,Villa,2013,Downtown
2595.82,3,69,33.988179,108.832917,Shuibian,302412.69,House,1967,Suburb
2791.01,9,14,-7.1194958,-34.8450118,João Pessoa,883795.84,Villa,1902,Downtown
2534.51,4,17,-33.5922807,-71.6055123,San Antonio,510865.87,Condo,1931,Downtown
1013.26,8,24,41.9502131,-8.5304169,Porta,949544.95,Villa,2004,Suburb
4252.82,3,31,40.4989376,22.5415237,Aigínio,388547.29,Apartment,1975,Downtown
2957.75,4,63,-10.1508133,123.4551696,Uiasa,297287.34,Villa,1970,Rural
3783.52,10,51,-7.0124761,111.4812472,Palon,509579.95,Villa,2003,Downtown
615.22,8,58,-6.8595223,111.4886997,Timbrangan,406928.26,Apartment,1911,Downtown
3963.25,2,100,57.7193113,55.3891197,Okhansk,642898.62,House,1997,Suburb
1001.28,9,18,-26.0440358,28.1574467,Bhisho,275926.3,Condo,2008,Rural
1861.7,3,39,39.1335733,-84.4356468,Cincinnati,547728.39,Condo,1985,Suburb
1446.73,6,55,45.1306898,-71.8121012,Coaticook,523359.42,Villa,1963,Rural
4534.82,1,42,48.9126632,2.4201634,Bobigny,275554.87,House,1927,Downtown
1386.5,9,39,51.2358934,23.5939963,Ruda-Huta,971430.08,Apartment,1940,Rural
1846.46,7,79,28.39571,107.752611,Huangdu,553274.9,Apartment,1935,Suburb
3702.75,7,77,20.3474809,-74.5023819,Baracoa,811114.26,Apartment,1937,Rural
4984.47,3,50,40.621506,119.9745295,Datun,437502.98,Condo,1963,Suburb
3079.91,6,27,3.4802964,97.8120924,Kutacane,294696.67,House,1999,Suburb
740.09,5,87,46.4883734,15.9702079,Juršinci,747708.17,Condo,1918,Downtown
562.15,10,90,41.7654876,26.2019433,Svilengrad,450746.16,Condo,1942,Downtown
689.3,1,76,51.1749425,53.0211497,Aqsay,153618.35,House,2019,Suburb
2554.14,10,81,13.7838134,100.6150564,Wang Thonglang,950017.34,Condo,1905,Rural
514.19,2,45,-24.2313531,-64.8375639,Ingenio La Esperanza,954573.31,Villa,2007,Suburb
1362.65,1,7,2.8197885,101.9975866,Seremban,842516.87,Villa,2002,Downtown
4097.68,1,42,-38.6677187,-72.2244406,Vilcún,940839.45,Condo,2014,Downtown
4403.17,2,8,39.772554,98.289419,Jiayuguan,899904.44,House,2003,Rural
3418.25,4,70,33.437877,113.609286,Wuyang,360770.19,Villa,1907,Suburb
3496.51,9,94,59.3449175,17.9492451,Bromma,271231.2,Condo,1942,Suburb
2142.88,2,80,8.0036924,-81.5596427,Las Palmas,709209.18,Villa,1918,Suburb
2234.18,8,71,52.1513886,4.4982869,Leiden,253499.55,Apartment,1950,Rural
904.9,10,66,-7.620317,112.3695412,Mojoagung,466113.24,Villa,1937,Rural
2583.26,5,21,57.7325747,12.0715528,Göteborg,136309.49,Apartment,1978,Suburb
4707.4,9,10,40.0233496,-7.7912472,Orvalho,143334.53,Condo,1944,Downtown
2593.37,1,55,-10.1508133,123.4551696,Uiasa,205327.78,Condo,1925,Suburb
3399.91,6,24,24.820587,103.323844,Wukeshu,463567.72,Condo,1941,Suburb
2807.45,3,94,20.72404,106.5535966,Tiên Lãng,151385.62,Apartment,2008,Suburb
775.9,2,52,59.989522,29.7738152,Kronshtadt,487971.78,House,1947,Suburb
1000.16,10,97,40.0725348,44.3051313,Haykashen,441087.69,Apartment,2016,Downtown
3038.82,7,55,-7.2467407,108.3474974,Jalatrang,438825.34,Villa,1949,Downtown
2508.68,2,30,30.839274,104.406708,Buyun,602070.04,Apartment,1932,Suburb
1528.23,2,26,35.6110549,127.2826599,Imsil,926828.04,Apartment,1998,Rural
2160.46,5,61,45.3934915,42.5902261,Blagodatnoye,181810.04,Condo,2016,Rural
1000.81,6,62,52.3636588,4.9355226,Amsterdam-Oost,438904.5,House,1976,Rural
1848.21,2,52,33.750879,119.193333,Zhangdu,762648.57,Apartment,1961,Rural
1672.39,7,69,43.8363441,4.3566473,Nîmes,325373.01,Condo,1984,Suburb
1614.8,2,62,24.8388207,69.4620073,Naukot,585248.26,Villa,1940,Downtown
3460.88,3,73,55.2160303,56.1396282,Yazykovo,433688.85,Villa,1995,Suburb
2658.45,1,10,59.3019771,18.0885223,Stockholm,327510.57,Villa,1978,Rural
3660.39,4,67,57.7470467,14.1650902,Jönköping,156349.69,Villa,1913,Suburb
3313.35,8,96,40.2361837,20.3517334,Përmet,325647.0,Condo,2013,Downtown
1791.71,6,56,53.7577169,17.1077021,Rzeczenica,232817.89,House,1996,Suburb
1197.78,2,26,51.8858819,-8.5111664,Blessington,927688.28,Apartment,1930,Downtown
574.66,6,41,29.5530941,118.9353968,Sicheng,469735.61,House,1960,Rural
603.82,4,61,43.8164948,4.8090237,Saint-Rémy-de-Provence,260240.56,Apartment,1975,Suburb
2932.47,5,69,46.1854516,30.3414908,Bilhorod-Dnistrovs’kyy,369207.37,Villa,1941,Downtown
3437.3,4,84,43.0015252,41.0234153,Sokhumi,906085.68,Condo,1997,Downtown
3384.36,2,76,36.1125,129.35222,Heung-hai,869176.34,House,1920,Suburb
2308.68,4,45,36.6728694,137.2123102,Toyama-shi,358183.32,Apartment,1970,Downtown
555.0,2,72,45.773295,19.1151469,Sombor,289311.66,House,1973,Downtown
649.33,1,24,37.0734616,-8.7751983,Burgau,592377.75,House,1988,Suburb
1507.97,2,97,13.271157,121.9113216,Daykitin,885717.36,Villa,1984,Suburb
1948.83,2,82,-7.355927,110.6422198,Kebonan,759784.14,Apartment,2014,Downtown
4632.87,6,38,38.7993886,-9.3855593,Sintra,959095.08,House,1919,Suburb
4093.7,6,63,15.3680416,-87.9383822,La Sabana,979631.52,Villa,1924,Suburb
1016.23,8,43,53.36381,17.04046,Złotów,708600.74,Condo,1990,Suburb
860.96,1,18,38.7,21.466667,Neochórion,346516.08,House,2012,Suburb
4900.69,1,87,14.3283582,120.9772289,Kauit,533316.71,Apartment,1972,Downtown
3532.42,9,18,-9.0709033,124.7188222,Tuamese,814443.9,Villa,1954,Downtown
3226.1,4,2,48.0482483,-1.6329288,La Garde,864061.97,Villa,1900,Rural
862.18,5,18,19.4102526,-99.0073673,Benito Juarez,145397.85,Condo,1918,Downtown
2688.36,3,90,-27.9715033,27.0319884,Hennenman,102061.83,Condo,2002,Downtown
3227.79,9,70,-19.6771093,29.9769441,Shurugwi,943188.8,House,1954,Downtown
4893.72,7,57,59.8271777,10.7948784,Oslo,245633.36,Condo,1946,Suburb
2530.24,9,12,15.8368547,120.3688477,Basista,542837.06,Condo,2019,Downtown
2637.56,6,2,14.3545083,47.0802023,Ḩabbān,496164.89,Apartment,1994,Downtown
1608.96,10,85,7.3488,125.7782,Libuganon,729451.19,Villa,1977,Downtown
1746.75,5,38,44.1675867,2.0308233,Lille,178164.43,House,1929,Downtown
2146.24,8,20,27.7845955,120.6706833,Xianqiao,805895.84,Condo,1932,Rural
4928.62,5,45,40.2683581,22.4624484,Svorónos,406024.15,Apartment,1969,Downtown
4986.83,7,13,12.573631,102.1041583,Chanthaburi,472519.1,Villa,1912,Suburb
3569.04,4,9,9.7666664,124.4833298,Lombog,209203.73,House,2001,Downtown
3714.56,10,77,-12.257739,43.6723087,Hoani,440657.45,House,1974,Downtown
4685.02,4,31,-3.1865586,-40.2475694,Marco,412472.01,Condo,1917,Suburb
832.99,1,99,49.549347,19.65954,Zubrzyca Dolna,551834.62,Villa,1939,Downtown
1179.04,2,59,54.2195351,-4.4012575,Laxey,535013.41,House,1959,Suburb
2882.06,6,93,-5.9873416,-79.7455956,Olmos,847042.01,House,1992,Rural
3878.32,4,36,6.594633,125.400567,Malalag,718939.88,Condo,1957,Rural
4919.69,1,15,16.140665,120.4201762,Tocok,960933.79,Condo,1913,Downtown
2997.23,6,56,30.679359,104.011664,Jinsha,806976.31,House,1950,Suburb
2024.48,9,29,23.0664459,113.1964636,Sufang,171982.99,Apartment,1990,Downtown
1901.0,6,55,38.4244545,48.4782419,Namīn,534153.58,Apartment,1999,Downtown
3581.75,6,30,36.5380709,115.2792734,Pengshi,533625.15,Villa,1901,Suburb
2221.16,2,49,3.9967196,97.3416152,Blangkejeren,444197.17,Villa,1900,Suburb
2369.79,10,94,54.0086093,-6.473025,Crossmolina,836772.32,House,1975,Rural
2378.92,7,91,10.4179921,122.8801918,San Enrique,154202.31,Apartment,2020,Suburb
3770.61,8,92,47.1479108,37.7844618,Vodyane,957811.78,Condo,1971,Suburb
2554.92,9,2,28.71321,109.496611,Hongyanxi,654479.67,Villa,1975,Suburb
2571.15,10,44,31.209571,107.468023,Dazhou,778440.24,Apartment,1915,Rural
2215.94,10,2,-33.2825097,19.3247866,Ceres,933532.26,House,1920,Rural
1039.68,3,4,41.1733305,-8.3619748,Cete,903715.93,Condo,1927,Suburb
4045.3,9,61,54.2207765,18.9709477,Ostaszewo,877451.43,Condo,1930,Rural
3442.78,9,10,-9.7028,119.4717,Toupopu,901729.33,Villa,1950,Downtown
1438.48,7,25,-0.2983944,73.4268608,Fuvahmulah,311887.05,House,1997,Suburb
2811.74,2,1,31.962594,35.065976,Na'ale,165853.74,House,1958,Downtown
2964.86,6,79,50.6140977,3.1244315,Villeneuve-d'Ascq,257320.26,Condo,1958,Downtown
837.2,1,43,22.3154812,89.1114525,Sātkhira,301179.09,Villa,1954,Suburb
1109.32,3,82,51.598282,-0.198414,Church End,943458.75,Condo,1918,Rural
2755.43,1,44,50.98804,16.83363,Gniechowice,862737.81,Apartment,1994,Downtown
2976.36,4,62,46.64968,38.39782,Shirochanka,877073.99,Villa,1904,Suburb
3981.27,4,75,34.786179,104.782196,Yuanyang Zhen,747614.84,Villa,1954,Rural
750.88,8,36,46.2534684,16.6157314,Ludbreg,701460.96,Condo,1932,Rural
796.81,3,24,14.5508865,121.0075554,San Antonio,802563.98,Condo,1907,Rural
1813.59,2,96,38.1724824,15.5445064,Messina,413329.11,Apartment,1921,Suburb
4966.78,7,85,27.330904,117.044081,Hufang,213931.01,House,2021,Downtown
2176.2,5,63,12.5640276,123.7304111,San Jacinto,983726.88,Apartment,1952,Suburb
1496.32,5,25,41.186564,111.308664,Shangtuhai,951510.46,Apartment,2015,Downtown
634.36,3,26,10.1219025,123.5393143,Lamak,507856.74,Condo,1962,Downtown
4414.41,8,37,13.7866222,120.9767873,Bolo,380453.36,Villa,1960,Rural
3299.39,2,37,50.9409245,20.9571249,Bodzentyn,538064.31,Apartment,1976,Rural
2710.26,6,46,28.563927,108.50387,Yanhe,504124.48,Apartment,1918,Downtown
3638.8,6,91,-20.344124,164.4393897,Ouégoa,561650.3,Apartment,1986,Downtown
2006.36,5,20,39.8067,116.030192,Dananyu,354231.27,Villa,1941,Suburb
4251.76,5,82,37.1597829,-7.9440252,Malhão,446743.85,House,1900,Suburb
4764.67,10,99,34.6830797,137.9865313,Yokosuka,652633.57,Condo,1981,Suburb
3055.03,4,15,38.6032329,-9.1057581,Flor da Mata,914520.59,Apartment,1970,Suburb
1402.59,3,18,24.171911,115.331919,Fengren,254762.14,Condo,1956,Downtown
2976.42,3,92,36.6424341,127.4890319,Cheongju-si,179058.88,Condo,1961,Downtown
975.31,3,57,-6.0329665,26.9263671,Kabalo,798486.15,House,1972,Downtown
3392.82,6,41,42.5246357,87.5395855,Xinjiang,607179.04,Condo,2017,Suburb
2044.7,1,89,19.3508272,-81.2085052,North Side,493258.07,Condo,1916,Suburb
1217.69,5,7,13.2586816,121.9316847,Caigangan,379326.86,Apartment,2002,Downtown
3965.64,10,57,59.4013379,17.9291325,Kista,338847.42,Apartment,1902,Suburb
856.02,6,6,41.2290184,-8.5381298,Vilar,682153.52,Apartment,1955,Rural
1935.83,7,15,9.90299,-84.102054,Alajuelita,441454.05,Condo,1937,Downtown
1835.8,6,43,36.7846385,138.4565967,Ryūō,226215.0,Villa,1989,Downtown
3091.73,9,58,49.7862433,13.9786808,Jince,918426.68,Villa,1976,Rural
4420.86,6,58,37.1878209,50.1575212,Langarūd,860223.28,Condo,1942,Suburb
1728.27,5,86,15.7946432,120.6073643,Lanat,207038.56,House,1968,Downtown
4332.63,8,18,15.1757062,120.5879653,Mabalacat,452438.14,Apartment,2006,Rural
1374.61,4,43,28.133945,111.656407,Meicheng,393943.72,Apartment,1943,Downtown
3592.44,4,55,35.8712549,120.0058196,Yuqi,327138.72,Villa,1994,Rural
1943.93,3,29,45.5119921,19.8423848,Turija,689233.54,Villa,1982,Rural
585.76,8,77,30.8851314,-9.0439796,Timezgadiouine,943836.13,House,1935,Suburb
3409.99,6,2,25.454084,119.007777,Lutian,464193.37,House,1937,Suburb
3092.68,5,18,52.5019685,6.0684306,Zwolle,588912.93,Condo,1900,Suburb
4139.92,7,60,52.3956594,19.1739321,Kutno,692855.81,Apartment,1963,Suburb
3797.82,7,40,25.9755686,89.6367458,Nageswari,428679.97,Villa,1949,Downtown
3197.43,1,50,5.759368,-73.91453,Albania,635007.49,House,1912,Suburb
1774.9,8,5,31.938731,113.165197,Shazi,437479.76,Condo,2003,Rural
1087.66,2,68,48.8277019,24.8993085,Chornoliztsi,520779.19,Condo,2018,Rural
2396.28,1,74,10.3759416,105.4185406,Long Xuyên,469417.82,Villa,1926,Downtown
3241.46,1,58,49.715157,19.65651,Grzechynia,785434.13,Villa,1982,Suburb
3154.65,7,62,31.1710599,121.488302,Laifang,169968.99,Apartment,2000,Downtown
2918.58,7,4,41.7721061,-72.7038047,Hartford,365331.71,Condo,1931,Downtown
2156.32,8,27,41.5488297,-8.2639239,Lamas,982861.53,Apartment,1906,Rural
2126.5,6,18,40.417358,117.500558,Xinglong,163184.87,House,1986,Suburb
742.61,9,22,-31.7436794,-65.0052144,Río Ceballos,797559.8,Condo,2010,Rural
3488.8,4,67,-3.2581112,-79.9553924,Machala,969899.35,Apartment,1910,Downtown
4905.49,5,25,39.8502497,116.2190658,Lugouqiao,893166.96,Apartment,1943,Suburb
3004.19,1,1,55.8697739,48.5236711,Zelenodolsk,168761.16,House,2017,Suburb
4630.51,4,29,23.365556,116.70345,Jinping,924500.81,Villa,1973,Downtown
2956.72,5,66,52.8314927,-8.9775014,Monkstown,463112.69,Apartment,1976,Downtown
1843.32,5,17,31.6216425,55.4139392,Bāfq,482191.56,Condo,1971,Downtown
4690.97,9,78,34.95563,36.1983,Duwayr Raslān,872386.35,House,1992,Downtown
3280.26,10,27,3.957378,126.679524,Ntaur Satu,249082.41,Condo,1918,Downtown
4648.81,10,51,23.365556,116.70345,Jinping,209782.87,Condo,1989,Downtown
4291.88,10,49,10.9423,124.6806,Siguinon,142305.55,House,1994,Rural
1263.2,8,22,-31.476524,-64.2257559,Tío Pujio,185501.13,Condo,1957,Downtown
1207.95,1,6,-9.408551,119.3192266,Lete,744951.86,Condo,2000,Suburb
4911.97,4,65,35.2686888,9.4283801,Jilma,583291.38,Condo,2004,Suburb
2273.53,4,10,-7.898852,111.9284017,Mojo,621793.59,House,1972,Downtown
728.34,5,13,39.6920939,-8.4272356,Portelinha,276080.37,Condo,1988,Rural
2731.98,2,89,56.7813252,16.0279817,Nybro,449218.32,Condo,1995,Rural
3670.73,9,68,46.0334,-79.34961,Powassan,531130.69,House,1999,Suburb
2238.81,10,27,7.4654418,4.0721007,Lalupon,956776.29,House,1999,Downtown
3735.68,5,7,-6.3514294,105.9141793,Sampangbitung,273310.44,Condo,1976,Suburb
4881.52,1,74,58.6247472,59.8241142,Nizhnyaya Tura,973527.13,Apartment,1947,Downtown
3183.2,10,95,10.2043929,-67.5648932,Santa Rita,898873.36,Villa,1941,Rural
1257.07,4,53,38.7418853,117.5352694,Chuangye,937880.69,House,1952,Downtown
4919.0,2,94,39.8385153,-8.8190392,Conqueiros,684598.91,Apartment,1943,Rural
4342.99,1,11,51.6325534,18.0075305,Sieroszewice,397298.22,Condo,2018,Rural
1824.06,5,20,49.1532539,16.8764982,Slavkov u Brna,346287.41,House,1977,Suburb
3293.19,6,92,39.999174,118.701144,Qian’an,168240.15,Apartment,1969,Downtown
2421.56,10,63,14.4324917,102.4265952,Soeng Sang,233464.86,House,1936,Rural
543.28,2,78,-7.1194958,-34.8450118,João Pessoa,998804.33,Villa,1925,Rural
709.43,3,30,-25.2426589,-53.9785591,Matelândia,677814.42,House,1943,Rural
2661.47,2,95,-32.232355,-64.442428,Embalse,733034.19,Apartment,1953,Downtown
2493.6,2,61,-6.59278,106.51306,Sidoger Lebak,706556.93,House,1903,Rural
856.69,3,16,52.2552455,19.8684556,Kiernozia,914135.64,Condo,1904,Rural
1465.53,10,13,-9.3294895,125.2697802,Suai,732202.53,Villa,1950,Rural
1914.69,9,86,-5.2218841,145.7856324,Madang,260851.94,Condo,1917,Rural
4359.81,6,63,12.7360955,123.9014967,Bualan,189791.95,Condo,1942,Rural
3999.1,5,81,29.1253133,116.2777073,Poyang,331025.14,Apartment,1999,Downtown
2227.14,9,70,-6.2690475,106.3287199,Pasirlimus,566807.82,House,2010,Suburb
4751.83,4,64,7.1473706,125.4889603,Biao,189158.77,Villa,2010,Downtown
4808.46,9,39,-8.4929791,119.0110762,Poja,340985.43,Apartment,1910,Downtown
4123.0,6,55,-7.9481229,110.3130087,Bambanglipuro,893881.53,Apartment,1942,Downtown
1921.78,1,62,57.5842033,-3.8847449,Newton,684618.91,Condo,1982,Rural
2070.9,9,98,42.4556093,-8.6325611,Pontevedra,284388.28,Apartment,1928,Suburb
720.84,5,15,49.2234017,14.4205698,Týn nad Vltavou,447442.05,House,1940,Rural
1205.33,6,94,43.7883496,4.9548261,Aix-en-Provence,458849.4,Villa,1911,Suburb
4766.7,3,40,-38.0846351,176.6989753,Kawerau,351757.67,Condo,2008,Downtown
2191.82,6,16,35.1612182,-5.2632201,Chefchaouene,802574.39,Apartment,1917,Downtown
1334.31,10,60,34.363184,107.237743,Baoji,998534.72,House,1957,Suburb
4656.11,10,85,60.335657,25.0597867,Valtimo,517414.49,Condo,1915,Downtown
4790.43,5,8,61.5656107,25.1814985,Kuhmoinen,573235.25,Villa,1949,Downtown
1855.77,2,98,37.6533531,138.9099913,Ōmagari,748272.69,Condo,1937,Suburb
3736.08,2,42,9.08556,125.57278,Sanghan,411801.45,House,2005,Suburb
3423.96,7,79,45.3686282,16.5670285,Sunja,836052.31,House,1997,Suburb
3834.4,2,27,-21.7112092,165.8299327,La Foa,838174.99,Condo,1978,Downtown
4661.13,3,61,60.1128845,22.9535316,Särkisalo,149221.21,House,1967,Rural
722.21,9,2,28.630289,108.933603,Jiangfeng,844554.57,Villa,1951,Suburb
4617.11,2,32,36.9262849,-76.0203323,Virginia Beach,217731.83,Apartment,1909,Rural
3738.95,9,95,49.6484264,29.3163202,Topory,114653.91,Condo,1997,Suburb
3417.38,9,35,40.5067525,47.6489641,Ujar,503325.53,House,1929,Rural
4491.31,5,8,29.183761,96.85942,Quchi,711137.32,Condo,1985,Suburb
1605.41,8,80,36.284107,100.620031,Gonghe,881196.19,Apartment,2004,Suburb
3651.88,10,37,14.5699334,121.0204582,San Jose,724672.58,House,1971,Downtown
1763.96,9,72,50.701693,20.3707749,Mnich,305031.97,Apartment,1977,Rural
2387.56,9,43,-31.948311,115.865678,Baolin,890416.11,Villa,1998,Downtown
3273.26,7,50,48.878715,17.2335614,Sudoměřice,153801.62,Condo,1930,Rural
4209.82,3,60,58.3005959,56.4173346,Polazna,886870.77,Villa,1963,Rural
1958.61,10,65,32.101031,114.125656,Pingqiao,214879.7,Apartment,2002,Rural
2305.62,6,68,55.8465109,13.4095386,Eslöv,620804.6,Apartment,2003,Suburb
2702.09,6,95,38.1678374,-8.1496483,Odivelas,348359.25,Apartment,2009,Rural
3574.44,2,23,32.644902,120.353259,Duntou,281757.64,Villa,1965,Rural
3523.77,10,53,-31.0767358,-64.4833187,Hermoso Campo,667382.66,Condo,1951,Downtown
2894.58,5,34,30.979148,98.312889,Qiman,166824.65,House,1962,Rural
2450.14,9,19,6.6574752,-4.7122337,Dimbokro,385141.75,House,2002,Rural
3691.42,8,5,29.652491,91.17211,Lhasa,862001.17,Villa,1994,Downtown
1753.15,4,50,18.4770791,-69.9732934,Esperanza,128477.99,Apartment,1957,Downtown
4739.52,8,58,33.4547821,132.6048622,Ōzu,760235.21,Apartment,1994,Rural
3739.64,2,28,38.214135,114.877945,Guozhuang,279476.84,Villa,1910,Downtown
1222.83,7,22,-22.422971,-45.4602511,Itajubá,144057.33,House,1912,Suburb
957.75,10,6,54.6053915,40.0487656,Murmino,722102.89,Villa,1956,Rural
4868.77,10,7,36.7818033,140.7299857,Kitaibaraki,791074.67,Apartment,1989,Suburb
3417.93,9,27,32.7348953,-117.0970596,San Diego,240447.16,House,1906,Rural
3776.05,9,61,38.9181719,139.8446841,Hamada,145529.5,Apartment,1978,Rural
2091.72,5,50,-3.4097,119.3077,Madette,471981.57,Apartment,1985,Rural
3127.25,8,44,39.109563,117.223371,Hexi,988485.74,Apartment,1929,Rural
1555.79,4,74,47.81227,38.28822,Kuteynykove,350022.95,Apartment,1998,Suburb
1376.98,4,100,35.4937018,110.3838909,Banqiao,550904.89,Apartment,1925,Suburb
4824.97,8,17,-26.9265749,-48.9561869,Gaspar,695782.18,Apartment,1946,Rural
4899.5,4,32,41.5318938,-8.6939907,Perelhal,226264.25,Villa,1900,Rural
2612.5,1,80,51.9695974,15.5383803,Grzybowa Góra,337771.25,House,1932,Rural
2723.13,4,44,4.6559524,47.8563151,Xarardheere,680117.58,Villa,1937,Rural
859.77,10,97,41.4410475,22.0126949,Kavadarci,560372.47,House,1912,Suburb
2143.12,10,67,39.9791423,117.0643296,Lidong,969158.02,House,1904,Rural
4941.99,2,88,15.5651234,102.5814416,Sida,487090.07,House,2017,Suburb
1997.65,3,78,40.104785,117.116756,Donggaocun,940852.27,Condo,2020,Suburb
821.08,10,23,51.8911132,31.5958532,Horodnya,326552.13,Apartment,1944,Downtown
3298.14,1,73,-8.412098,119.866554,Seraya,524653.58,Villa,1956,Rural
993.44,3,25,15.2286069,-91.7859274,San Miguel Ixtahuacán,616561.92,Villa,1947,Suburb
3770.01,9,39,31.260046,107.526896,Zhoujiadian,183389.96,House,1955,Rural
4670.68,7,45,48.1700928,11.5776824,München,206718.51,Apartment,1944,Downtown
4271.65,6,78,32.06078,121.368162,Zhengyu,991569.69,Apartment,2006,Suburb
4903.6,2,29,-24.8705652,25.8640062,Ramotswa,971383.68,Condo,1931,Suburb
3609.4,4,47,18.5286072,120.791828,Abut,879825.8,Condo,1916,Suburb
1040.89,3,49,-19.7864376,-42.1365821,Caratinga,745763.94,Condo,2004,Downtown
716.85,4,62,-11.9019296,-76.6658165,Santa Eulalia,352732.11,Villa,2008,Suburb
3071.87,2,96,38.7652981,-8.6267126,Canha,700813.84,Apartment,1954,Rural
2437.59,2,99,-6.8527,115.2624,Gerelayang,488540.12,Condo,1902,Downtown
2256.15,6,78,28.488535,117.653994,Longmenfan,140577.47,Apartment,1984,Rural
4210.57,2,65,44.9811213,20.0818204,Golubinci,585671.75,Apartment,1938,Downtown
2581.4,2,88,44.55015,-64.24874,Chester,877445.62,Apartment,1900,Rural
3816.59,1,42,40.5,-80.06,Pittsburgh,900471.65,House,1933,Downtown
1244.1,5,8,24.805208,88.9497046,Pār Naogaon,998877.85,Villa,1931,Rural
3753.2,8,31,23.902479,106.618283,Baise City,749650.64,Condo,1906,Downtown
4144.4,2,60,61.127495,23.0468306,Punkalaidun,287145.58,Apartment,1977,Suburb
3569.52,8,47,-27.7203552,-48.563999,Freguesia do Ribeirao da Ilha,120941.29,Condo,1935,Suburb
3305.21,7,79,31.2840967,130.3267278,Makurazaki,305238.44,Condo,1905,Rural
2619.96,2,49,53.0651548,20.3482376,Wiśniewo,742400.9,Condo,1994,Rural
3825.38,4,28,32.187849,119.425836,Zhenjiang,812301.51,Condo,1900,Downtown
2919.77,9,74,-20.6405825,-65.2070534,Camargo,180506.98,House,1967,Rural
4709.76,3,8,5.887247,-10.0303723,Buchanan,181809.45,Condo,1935,Suburb
1262.7,6,26,6.0593972,124.4870869,Mabay,593201.55,Apartment,1925,Suburb
878.54,7,91,37.2516991,139.007103,Yonezawa,438508.02,Condo,1919,Suburb
3513.11,1,35,58.7462917,26.3972118,Jõgeva,636922.57,Villa,1996,Suburb
2870.09,5,68,42.5459635,24.8348261,Karlovo,545846.0,House,1957,Rural
2331.51,10,63,44.9447526,4.8413855,Saint-Péray,315468.74,Condo,2002,Downtown
1438.85,7,81,31.877958,34.739449,Yavne,410232.18,Condo,1975,Rural
2313.05,4,100,53.495408,-112.0538628,Vegreville,292678.1,Villa,1956,Downtown
2669.3,7,4,25.4166153,-100.1591213,Santiago,846379.76,House,1942,Suburb
3394.37,6,21,9.9010414,-83.9977527,San Diego,558274.1,House,1943,Downtown
2489.06,10,1,57.8308498,50.0688474,Suna,168787.37,Apartment,1908,Suburb
1400.87,10,65,-6.8840816,107.5413039,Cimahi,628269.11,Apartment,1981,Rural
4786.02,10,30,42.8201977,74.1122506,Belovodskoye,286072.54,Villa,1957,Downtown
723.11,10,53,49.7243072,13.273185,Vejprnice,616884.08,Condo,2018,Suburb
2351.33,1,26,-10.1904527,123.6007574,Naikolan,690727.25,Apartment,1950,Downtown
2708.65,4,17,1.6408734,-75.4111644,La Montañita,941408.04,Apartment,1926,Suburb
3834.19,5,27,55.1848061,30.201622,Vitebsk,794260.3,Apartment,2003,Suburb
3471.18,10,28,-23.5297232,-47.1947232,Mairinque,334744.62,House,1992,Rural
1765.78,5,89,-33.8989712,151.2149792,Sydney,679878.23,Condo,1926,Suburb
1502.78,8,53,50.8323221,25.4566978,Kivertsi,514849.18,Apartment,1962,Downtown
2618.41,8,78,41.2263185,-8.344485,Besteiros,211453.83,Villa,1966,Downtown
2741.39,3,6,59.186002,17.4530287,Södertälje,149832.91,Condo,1969,Rural
994.39,6,40,32.7074464,108.9391253,Wulipu,627024.52,Apartment,1926,Downtown
3589.83,6,65,17.6416172,-63.2282569,Upper Hell's Gate,844298.11,Villa,1958,Downtown
4930.88,9,74,51.5144022,21.1235461,Jedlińsk,989467.56,Apartment,1956,Rural
3516.61,10,63,14.5544751,-86.2901225,Zopilotepe,893145.4,Apartment,2011,Downtown
1042.49,1,57,14.0879532,-91.0513914,La Gomera,896455.47,House,1904,Downtown
1085.4,7,79,38.4600166,-9.1141307,Covas da Raposa,713737.19,Condo,1923,Rural
3785.62,3,17,30.070933,118.181531,Hangkou,438048.26,Condo,2000,Suburb
3072.44,6,60,24.412155,115.744112,Huangbei,366321.41,House,1930,Suburb
1966.87,7,90,39.6599999,-104.84,Aurora,105106.1,Apartment,2002,Downtown
762.93,5,67,58.00284,55.6720592,Ust’-Kachka,379017.38,Villa,1971,Suburb
3316.68,10,96,41.4346593,-8.1962076,Carreira,163476.97,House,1933,Rural
4029.35,2,22,22.251924,112.794065,Waishan,259668.28,Villa,1961,Downtown
1346.11,5,23,28.229271,120.997332,Danxi,481211.71,Condo,1991,Suburb
958.49,7,37,57.7761739,14.2587374,Huskvarna,558982.9,Condo,1972,Downtown
4621.77,5,51,52.9480781,-7.0472382,Ballylinan,670052.76,Apartment,1947,Suburb
3920.27,5,78,32.1426,35.28774,Baytā al Fawqā,841237.23,Villa,1934,Rural
842.93,2,62,15.6147646,-89.8052964,Cahabón,127749.43,Condo,2017,Suburb
4677.95,8,13,39.6476577,-104.9984484,Englewood,795496.7,Villa,1928,Rural
1264.47,3,13,-17.566223,-63.2238376,La Bélgica,332385.86,House,1943,Rural
4887.38,7,56,15.5805384,-61.3297698,Woodford Hill,750949.06,Villa,1968,Rural
2821.97,4,26,44.7515479,-79.8779499,Midland,792583.68,House,2020,Rural
3820.93,3,46,41.0826078,20.4425942,Qukës-Skënderbe,472949.99,Apartment,1937,Suburb
2989.0,8,58,-4.8531154,21.5587544,Mweka,774550.53,House,1916,Suburb
3598.82,4,68,-6.615755,106.4111425,Ciladaeun,140238.04,Condo,1998,Suburb
2448.89,8,71,41.0640026,25.6858475,Lýkeio,514776.32,House,1916,Downtown
2405.74,4,55,53.9804128,27.6670286,Borovlyany,324836.95,Villa,1920,Rural
1758.44,2,7,34.04,-118.26,Los Angeles,435904.22,Condo,1914,Suburb
3802.75,8,13,39.2868418,-7.4229064,Portalegre,635549.78,Villa,1918,Suburb
2151.36,4,10,36.599744,101.803717,Chengdong,311679.57,Apartment,1991,Downtown
512.68,7,60,16.0271237,-3.9878427,Niafunké,210737.65,Apartment,1936,Suburb
625.71,3,30,29.484185,105.594779,Guchang,466119.81,Condo,2011,Suburb
2250.03,6,69,7.5866041,0.6085749,Badou,939827.64,Apartment,1989,Rural
774.76,5,60,59.2914848,18.0916533,Johanneshov,315983.49,Condo,1900,Downtown
668.99,8,92,34.915946,98.209206,Madoi,485758.98,Condo,1978,Rural
3282.97,2,82,8.955271,126.009711,San Miguel,960754.3,Apartment,1959,Downtown
3437.33,10,7,22.801624,113.525165,Nanshi,169515.32,House,1907,Downtown
1900.65,6,72,9.0056327,-62.6471664,Temblador,718303.79,Apartment,1977,Downtown
3068.85,3,64,42.90835,25.2182047,Gabrovo,692636.45,Villa,1982,Downtown
1066.42,1,68,-23.6898429,-46.5648481,São Bernardo do Campo,947646.49,Apartment,1971,Rural
1270.62,9,48,29.1082924,119.6364468,Huifa,407654.39,Villa,1967,Downtown
3351.97,7,88,8.1087597,-11.8478324,Baiima,823156.51,House,1984,Suburb
1159.01,9,61,53.1991153,50.1031834,Samara,747976.97,House,1939,Rural
4336.16,10,68,34.5200967,40.9612121,As Sūsah,921599.05,Condo,1919,Downtown
2894.24,5,71,57.8593919,12.4331389,Alingsås,242430.85,Condo,1944,Downtown
4972.48,4,5,-7.7976449,113.2305123,Kedungasem,122909.41,Apartment,1985,Rural
1292.79,10,54,27.2674027,31.151928,Abnūb,955583.53,Apartment,1969,Suburb
4130.71,10,32,39.982718,117.078294,Sanhe,233898.27,House,1952,Rural
1609.87,5,8,40.4938437,-8.4743511,Sangalhos,370616.61,House,1912,Suburb
4919.85,7,98,-7.811056,108.438797,Sindangsari,547983.21,Apartment,1911,Suburb
2916.63,8,57,43.7876733,18.1512379,Pazarić,386988.92,Apartment,1973,Suburb
968.51,5,34,50.5368321,23.4027578,Tarnawatka,624114.85,Condo,1910,Suburb
2133.37,1,79,55.8547803,47.4687165,Kazanskoye,670675.26,Condo,1942,Rural
2023.63,3,74,40.3753066,-8.7157832,Cavadas,867582.67,House,1990,Downtown
1269.11,1,84,32.762127,34.97298,Tirat Karmel,553603.67,House,1901,Suburb
1641.86,9,16,42.0438495,19.5731734,Guri i Zi,481601.57,Apartment,1958,Rural
3149.01,9,29,54.5412717,18.0936055,Luzino,212529.8,House,1935,Rural
4067.55,9,16,49.6302491,20.6635214,Chełmiec,241089.49,House,2009,Rural
505.17,6,50,-8.4114856,116.1713917,Tanjung,101504.7,Apartment,2012,Downtown
1555.73,6,24,62.1865035,15.6532841,Ånge,950926.95,House,1983,Downtown
3325.42,8,66,36.0458806,-95.8562271,Tulsa,101473.24,House,1950,Suburb
3284.11,2,87,16.7054663,121.672666,Ramos West,887226.9,Condo,1961,Suburb
1492.25,7,36,52.6130327,38.9743917,Donskoye,332055.76,Villa,2009,Suburb
1373.32,10,29,41.0529013,-7.2705019,Sebadelhe,520482.93,Apartment,1999,Rural
4759.7,6,43,47.1899563,31.5156018,Stepove,516354.63,Apartment,2016,Suburb
3056.1,10,59,43.5621247,43.20792,Zhankhoteko,275500.62,Villa,1945,Rural
2127.37,3,11,42.73583,112.65139,Saihan Tal,117574.0,Apartment,1947,Rural
2116.62,8,55,30.3619359,51.1611537,Bāsht,234233.05,Condo,1950,Rural
4791.94,1,43,-4.9942171,105.2077798,Gunung Sugih,971839.64,House,1933,Suburb
1971.26,1,53,-6.7533085,108.5522531,Harjamukti,563962.64,House,1954,Downtown
4601.04,5,96,52.3739053,4.615857,Haarlem,579468.79,Villa,1973,Downtown
777.04,3,63,41.0826078,20.4425942,Qukës-Skënderbe,812412.35,Villa,1904,Rural
1561.78,9,33,18.2382167,-72.0690372,Belle-Anse,705858.81,Apartment,2012,Rural
915.88,1,41,50.9417027,44.785514,Zhirnovsk,120767.63,Condo,1930,Downtown
512.33,3,15,19.482042,-99.1985584,San Isidro,145607.22,Apartment,1978,Suburb
2566.36,2,43,29.237137,91.773134,Shanban,794301.95,Villa,1938,Rural
2167.65,8,89,16.8263127,42.7344873,Mizhirah,121556.43,House,1905,Rural
4292.83,1,10,47.772714,-1.813332,Cahors,532413.67,House,2006,Rural
3658.0,7,53,12.0554892,99.855247,Amnat Charoen,478078.25,Villa,1903,Suburb
3709.01,10,56,6.5400402,126.084947,Magdug,918599.17,Condo,1968,Suburb
760.09,5,44,12.13333,-68.26667,Dorp Tera Kora,951988.56,Apartment,1976,Rural
685.17,6,53,3.0993181,101.5915092,Petaling Jaya,525615.91,Villa,2008,Rural
2907.19,9,75,4.920956,-75.063129,Líbano,790827.49,Apartment,1918,Suburb
3823.63,6,18,30.4333333,117.8333333,Jiuhua,747011.59,Condo,2000,Rural
3471.51,2,8,30.63963,114.385538,Qingshan,646859.89,Apartment,2018,Suburb
3295.3,8,79,9.3226016,13.393389,Garoua,584234.6,House,1907,Suburb
1328.51,5,15,26.8844636,-81.734942,Punta Gorda,488166.44,Condo,1951,Rural
4056.49,1,96,50.1064489,14.5744479,Černý Most,784633.17,Condo,1953,Downtown
1822.87,2,34,-8.7149312,116.3426552,Beraim,874688.06,House,1947,Rural
4697.72,2,55,14.593975,121.0038631,Pandasan,387357.67,Apartment,1982,Rural
748.22,2,68,47.9956173,0.1924459,Le Mans,952475.36,Apartment,1909,Rural
714.17,1,57,13.5730766,123.0925437,Tiniguiban,821446.95,House,1957,Rural
4190.63,10,3,10.2007985,-64.6334643,Puerto La Cruz,740111.53,Villa,1948,Downtown
2482.13,9,49,51.2228143,19.3045833,Kleszczów,129934.32,Condo,1915,Downtown
3736.7,8,29,35.202503,102.521807,Xunhe,240770.94,Condo,1968,Downtown
2664.64,3,64,13.9441866,121.6308947,Calaya,109106.69,Villa,1962,Downtown
3930.12,6,87,25.6218514,51.0835811,Al Jumaylīyah,394198.26,Apartment,1977,Rural
1122.34,2,47,9.6356686,123.8501765,Totolan,183015.1,Apartment,1945,Downtown
3279.33,4,93,28.357764,121.143873,Yandang,731869.08,Villa,1967,Suburb
2042.45,5,82,31.0424566,30.4727503,Damanhūr,688481.03,House,1912,Suburb
1561.65,2,29,29.859268,89.387008,Lhabupu,198596.73,Villa,1980,Downtown
3310.91,3,45,41.267244,123.236944,Liaoyang,186886.04,House,1980,Suburb
3282.22,8,16,-23.8158392,-45.3664809,Ilhabela,827925.97,House,1915,Downtown
648.23,10,51,-6.956164,106.7714,Cimanggu,320429.28,House,1990,Downtown
1177.45,9,90,48.5878559,2.591512,Savigny-le-Temple,754471.1,Condo,1944,Suburb
1096.41,4,28,48.0793507,20.7653961,Miskolc,937992.05,Villa,1907,Suburb
2479.51,7,4,40.7419285,-73.6833119,New Hyde Park,437164.85,Villa,1928,Rural
4888.96,8,52,33.631238,113.645873,Zhuzuo,554264.49,Apartment,1934,Rural
2750.75,1,55,12.6226118,9.3839598,Gumel,130699.5,Apartment,1990,Rural
896.84,6,78,-1.801926,-79.5346459,Babahoyo,675289.67,Condo,1993,Downtown
2353.87,4,55,39.9179113,22.595535,Pyrgetós,633873.79,Condo,1924,Suburb
1155.0,7,78,56.0418013,12.7039013,Helsingborg,554835.52,Apartment,1982,Rural
502.58,7,7,29.5769271,-9.0267076,Tarsouat,225057.56,Condo,1971,Suburb
3806.58,4,28,-6.8641543,107.6232996,Jajaway,968383.25,House,1965,Downtown
3017.3,3,9,52.6957717,39.4722994,Kuz’minskiye Otverzhki,751098.87,House,1996,Downtown
1087.91,1,63,48.4474626,-123.4956337,Langford,403053.57,House,1997,Rural
4152.55,5,18,-25.3461531,-57.2705691,San Bernardino,648448.05,Condo,1907,Suburb
1523.22,2,90,51.1665287,26.7693629,Tynne,266257.05,Apartment,2017,Rural
2982.36,9,12,6.382615,124.789568,Banga,788445.76,Condo,1930,Suburb
4748.65,10,93,57.8702991,33.6950887,Vypolzovo,538539.59,Condo,1985,Downtown
3543.65,4,35,15.2904851,-86.9135745,Jocón,892947.03,Apartment,1987,Suburb
2107.92,3,17,11.2561208,-73.6344979,Santa Marta,616699.99,Condo,1968,Downtown
3704.58,2,95,-13.4605423,24.9932143,Kalengwa,469718.14,Villa,1906,Rural
1730.98,2,10,50.7036309,18.995304,Kowala,841141.41,House,1973,Suburb
2537.02,8,52,-7.158502,109.263397,Pulosari,943862.0,Villa,1925,Rural
1599.66,10,8,33.2704888,35.2037641,Tyre,620793.24,Apartment,1984,Rural
3795.24,8,86,52.753093,-2.941678,Pentre,944670.29,House,1905,Suburb
1248.01,4,80,12.5073384,39.5200688,Korem,290137.92,Condo,2012,Downtown
4110.23,1,82,-13.65311,-73.95396,Huambalpa,921056.05,Condo,1910,Rural
4579.35,9,71,16.2093368,100.3722477,Taphan Hin,300608.07,Villa,1929,Rural
2388.71,2,92,55.3377048,59.6818456,Magnitka,376390.24,Villa,2001,Downtown
3373.48,6,28,14.8670094,-88.7722444,San Antonio,628728.45,Apartment,2015,Downtown
774.2,8,90,-6.8377775,107.8738258,Samburat,784388.76,Apartment,1905,Downtown
1412.03,7,79,-7.0126061,108.6309228,Sindangsuka,910011.82,House,1966,Suburb
4547.92,2,68,40.753655,111.673881,Yuquan,510806.21,House,1927,Downtown
978.65,4,79,39.76624,44.8087498,Armash,246974.1,House,1998,Rural
2260.65,1,39,-21.6960991,21.6481861,Ghanzi,688005.61,Condo,1925,Suburb
4120.39,10,46,-31.0767358,-64.4833187,Hermoso Campo,456621.66,Condo,1977,Downtown
3987.42,3,2,40.025532,44.5593439,Mrganush,965742.88,Villa,2010,Suburb
2404.16,9,49,-6.1920539,106.8240327,Modis,589371.42,Apartment,2014,Downtown
2459.52,6,22,-27.1435718,-56.7664844,Santiago,132791.59,Villa,2005,Downtown
1332.97,5,65,-6.9498767,109.491356,Ampelgading,199827.14,Apartment,1930,Downtown
2657.83,9,54,-13.7557949,-172.3051657,Vailoa,895118.06,House,2008,Rural
1033.49,5,50,-43.6337764,171.6468521,Methven,363769.24,House,1948,Downtown
3065.52,10,41,15.2402083,-91.8440552,Concepción Tutuapa,334515.02,House,1971,Suburb
3806.82,1,23,-17.0806813,-40.9387356,Águas Formosas,873576.03,Villa,2018,Suburb
1120.49,2,88,34.2582539,117.1884772,Sanlei,715596.52,Villa,1989,Downtown
3818.61,3,82,14.4290353,121.0360943,Tangub,565658.94,Apartment,1944,Suburb
2298.94,2,28,14.5707891,121.0272495,Morong,310265.1,House,1977,Downtown
3072.75,10,97,-7.4111208,108.1221146,Sukasenang,391653.72,Villa,1917,Rural
4984.31,2,17,47.537724,42.031986,Romanovskaya,901929.75,Apartment,1964,Rural
1412.79,7,44,56.3089225,22.2987465,Mazeikiai,826854.39,Apartment,1974,Rural
1589.71,7,18,48.7226206,9.1584836,Stuttgart,786972.87,Villa,1926,Downtown
1080.74,9,83,31.1713871,31.6967438,Minyat an Naşr,381832.7,Condo,1977,Downtown
2689.96,8,67,49.5098047,17.4772489,Radvanice,795409.73,Apartment,1934,Rural
560.25,7,94,48.7277622,100.7724281,Jargalant,584642.94,Condo,2017,Suburb
530.94,6,22,50.4427733,14.9233449,Kosmonosy,634480.78,Condo,1912,Suburb
1584.55,9,65,35.1379343,33.1323409,Akaki,913807.55,House,1911,Rural
517.12,10,72,6.5959532,3.5033042,Ebute Ikorodu,176303.63,Apartment,2010,Rural
4375.74,5,4,-6.716667,111.216667,Batangan,131246.58,House,1972,Suburb
2830.92,9,42,49.116169,6.1807997,Metz,519088.23,Condo,2018,Downtown
3960.15,2,37,-7.765512,112.197899,Pare,237226.13,Villa,2001,Rural
1805.52,6,49,30.6509359,131.0436289,Anjō,928308.92,House,2020,Suburb
4200.0,9,64,41.2294415,-8.3150887,Agrela,810407.22,Apartment,1980,Rural
4552.69,5,77,39.0799649,26.5785197,Vareiá,167488.1,House,1949,Downtown
2797.09,3,25,55.4618616,29.9874438,Haradok,769342.95,House,2015,Rural
3191.43,1,86,9.7333906,-63.1914317,Maturín,594061.28,Apartment,1988,Rural
4500.25,4,52,-8.7334983,121.7508912,Wolofeo,383915.9,House,1916,Rural
3182.55,8,86,26.751281,116.19359,Toupi,342336.59,Apartment,1990,Rural
2392.4,5,37,-6.1664291,106.2125017,Cigoong,419330.71,Villa,1996,Suburb
4673.24,6,83,-13.3023564,35.2478112,Lichinga,700279.67,Condo,1926,Downtown
3831.21,4,1,13.7983338,107.6866471,Chư Ty,972307.92,Condo,1953,Downtown
1601.55,10,14,40.7832844,22.2735926,Palaífyto,229402.55,Condo,1937,Downtown
765.53,6,92,15.7832452,121.0086436,Palestina,439708.71,Condo,1923,Suburb
1254.0,7,58,50.3068281,22.5169584,Kuryłówka,159413.73,Apartment,1971,Suburb
1184.56,1,34,5.2858205,-3.3036439,Adiaké,855900.07,Apartment,1941,Rural
3387.34,9,8,39.6024762,47.1523402,Fizuli,333246.68,Condo,1986,Downtown
2157.58,7,83,39.7434917,-84.0854432,Dayton,233202.96,House,1907,Suburb
711.77,10,41,43.2588087,45.4197638,Zakan-Yurt,383593.99,House,1989,Suburb
2438.58,9,97,14.7909118,42.9708838,Judaydah,175734.03,Condo,2014,Suburb
3168.33,2,93,-7.0970638,107.5771444,Pasirhuni,385934.61,House,2002,Rural
3764.35,6,6,41.7371087,20.3241791,Arras,959355.61,Condo,1982,Rural
2758.52,4,64,40.7163491,19.7502384,Kurjan,979128.56,Villa,1939,Suburb
3255.14,8,8,59.7436995,18.3601496,Rimbo,471450.8,Condo,2013,Suburb
4168.22,9,91,29.287939,121.429477,Ninghai,309762.32,Condo,1966,Rural
2593.31,2,99,-8.6186415,115.1831787,Banjar Batuaji Kaja,531875.12,House,1989,Downtown
2895.24,1,69,41.7268086,129.6850661,Nanam,908438.91,Apartment,1977,Suburb
