A,B,E,T,nt
72,64,170,xxs,0
72,64,171,xxs,0
72,64,172,xxs,0
72,64,173,xxs,0
72,64,174,xxs,0
72,64,175,xxs,0
72,64,176,xxs,0
72,64,177,xxs,0
72,64,178,xxs,0
72,64,179,xxs,0
72,64,180,xxs,0
72,64,181,xxs,0
72,65,170,xxs,0
72,65,171,xxs,0
72,65,172,xxs,0
72,65,173,xxs,0
72,65,174,xxs,0
72,65,175,xxs,0
72,65,176,xxs,0
72,65,177,xxs,0
72,65,178,xxs,0
72,65,179,xxs,0
72,65,180,xxs,0
72,65,181,xxs,0
72,66,170,xxs,0
72,66,171,xxs,0
72,66,172,xxs,0
72,66,173,xxs,0
72,66,174,xxs,0
72,66,175,xxs,0
72,66,176,xxs,0
72,66,177,xxs,0
72,66,178,xxs,0
72,66,179,xxs,0
72,66,180,xxs,0
72,66,181,xxs,0
72,67,170,xxs,0
72,67,171,xxs,0
72,67,172,xxs,0
72,67,173,xxs,0
72,67,174,xxs,0
72,67,175,xxs,0
72,67,176,xxs,0
72,67,177,xxs,0
72,67,178,xxs,0
72,67,179,xxs,0
72,67,180,xxs,0
72,67,181,xxs,0
72,68,170,xxs,0
72,68,171,xxs,0
72,68,172,xxs,0
72,68,173,xxs,0
72,68,174,xxs,0
72,68,175,xxs,0
72,68,176,xxs,0
72,68,177,xxs,0
72,68,178,xxs,0
72,68,179,xxs,0
72,68,180,xxs,0
72,68,181,xxs,0
73,64,170,xxs,0
73,64,171,xxs,0
73,64,172,xxs,0
73,64,173,xxs,0
73,64,174,xxs,0
73,64,175,xxs,0
73,64,176,xxs,0
73,64,177,xxs,0
73,64,178,xxs,0
73,64,179,xxs,0
73,64,180,xxs,0
73,64,181,xxs,0
73,65,170,xxs,0
73,65,171,xxs,0
73,65,172,xxs,0
73,65,173,xxs,0
73,65,174,xxs,0
73,65,175,xxs,0
73,65,176,xxs,0
73,65,177,xxs,0
73,65,178,xxs,0
73,65,179,xxs,0
73,65,180,xxs,0
73,65,181,xxs,0
73,66,170,xxs,0
73,66,171,xxs,0
73,66,172,xxs,0
73,66,173,xxs,0
73,66,174,xxs,0
73,66,175,xxs,0
73,66,176,xxs,0
73,66,177,xxs,0
73,66,178,xxs,0
73,66,179,xxs,0
73,66,180,xxs,0
73,66,181,xxs,0
73,67,170,xxs,0
73,67,171,xxs,0
73,67,172,xxs,0
73,67,173,xxs,0
73,67,174,xxs,0
73,67,175,xxs,0
73,67,176,xxs,0
73,67,177,xxs,0
73,67,178,xxs,0
73,67,179,xxs,0
73,67,180,xxs,0
73,67,181,xxs,0
73,68,170,xxs,0
73,68,171,xxs,0
73,68,172,xxs,0
73,68,173,xxs,0
73,68,174,xxs,0
73,68,175,xxs,0
73,68,176,xxs,0
73,68,177,xxs,0
73,68,178,xxs,0
73,68,179,xxs,0
73,68,180,xxs,0
73,68,181,xxs,0
74,64,170,xxs,0
74,64,171,xxs,0
74,64,172,xxs,0
74,64,173,xxs,0
74,64,174,xxs,0
74,64,175,xxs,0
74,64,176,xxs,0
74,64,177,xxs,0
74,64,178,xxs,0
74,64,179,xxs,0
74,64,180,xxs,0
74,64,181,xxs,0
74,65,170,xxs,0
74,65,171,xxs,0
74,65,172,xxs,0
74,65,173,xxs,0
74,65,174,xxs,0
74,65,175,xxs,0
74,65,176,xxs,0
74,65,177,xxs,0
74,65,178,xxs,0
74,65,179,xxs,0
74,65,180,xxs,0
74,65,181,xxs,0
74,66,170,xxs,0
74,66,171,xxs,0
74,66,172,xxs,0
74,66,173,xxs,0
74,66,174,xxs,0
74,66,175,xxs,0
74,66,176,xxs,0
74,66,177,xxs,0
74,66,178,xxs,0
74,66,179,xxs,0
74,66,180,xxs,0
74,66,181,xxs,0
74,67,170,xxs,0
74,67,171,xxs,0
74,67,172,xxs,0
74,67,173,xxs,0
74,67,174,xxs,0
74,67,175,xxs,0
74,67,176,xxs,0
74,67,177,xxs,0
74,67,178,xxs,0
74,67,179,xxs,0
74,67,180,xxs,0
74,67,181,xxs,0
74,68,170,xxs,0
74,68,171,xxs,0
74,68,172,xxs,0
74,68,173,xxs,0
74,68,174,xxs,0
74,68,175,xxs,0
74,68,176,xxs,0
74,68,177,xxs,0
74,68,178,xxs,0
74,68,179,xxs,0
74,68,180,xxs,0
74,68,181,xxs,0
75,64,170,xxs,0
75,64,171,xxs,0
75,64,172,xxs,0
75,64,173,xxs,0
75,64,174,xxs,0
75,64,175,xxs,0
75,64,176,xxs,0
75,64,177,xxs,0
75,64,178,xxs,0
75,64,179,xxs,0
75,64,180,xxs,0
75,64,181,xxs,0
75,65,170,xxs,0
75,65,171,xxs,0
75,65,172,xxs,0
75,65,173,xxs,0
75,65,174,xxs,0
75,65,175,xxs,0
75,65,176,xxs,0
75,65,177,xxs,0
75,65,178,xxs,0
75,65,179,xxs,0
75,65,180,xxs,0
75,65,181,xxs,0
75,66,170,xxs,0
75,66,171,xxs,0
75,66,172,xxs,0
75,66,173,xxs,0
75,66,174,xxs,0
75,66,175,xxs,0
75,66,176,xxs,0
75,66,177,xxs,0
75,66,178,xxs,0
75,66,179,xxs,0
75,66,180,xxs,0
75,66,181,xxs,0
75,67,170,xxs,0
75,67,171,xxs,0
75,67,172,xxs,0
75,67,173,xxs,0
75,67,174,xxs,0
75,67,175,xxs,0
75,67,176,xxs,0
75,67,177,xxs,0
75,67,178,xxs,0
75,67,179,xxs,0
75,67,180,xxs,0
75,67,181,xxs,0
75,68,170,xxs,0
75,68,171,xxs,0
75,68,172,xxs,0
75,68,173,xxs,0
75,68,174,xxs,0
75,68,175,xxs,0
75,68,176,xxs,0
75,68,177,xxs,0
75,68,178,xxs,0
75,68,179,xxs,0
75,68,180,xxs,0
75,68,181,xxs,0
76,64,170,xxs,0
76,64,171,xxs,0
76,64,172,xxs,0
76,64,173,xxs,0
76,64,174,xxs,0
76,64,175,xxs,0
76,64,176,xxs,0
76,64,177,xxs,0
76,64,178,xxs,0
76,64,179,xxs,0
76,64,180,xxs,0
76,64,181,xxs,0
76,65,170,xxs,0
76,65,171,xxs,0
76,65,172,xxs,0
76,65,173,xxs,0
76,65,174,xxs,0
76,65,175,xxs,0
76,65,176,xxs,0
76,65,177,xxs,0
76,65,178,xxs,0
76,65,179,xxs,0
76,65,180,xxs,0
76,65,181,xxs,0
76,66,170,xxs,0
76,66,171,xxs,0
76,66,172,xxs,0
76,66,173,xxs,0
76,66,174,xxs,0
76,66,175,xxs,0
76,66,176,xxs,0
76,66,177,xxs,0
76,66,178,xxs,0
76,66,179,xxs,0
76,66,180,xxs,0
76,66,181,xxs,0
76,67,170,xxs,0
76,67,171,xxs,0
76,67,172,xxs,0
76,67,173,xxs,0
76,67,174,xxs,0
76,67,175,xxs,0
76,67,176,xxs,0
76,67,177,xxs,0
76,67,178,xxs,0
76,67,179,xxs,0
76,67,180,xxs,0
76,67,181,xxs,0
76,68,170,xxs,0
76,68,171,xxs,0
76,68,172,xxs,0
76,68,173,xxs,0
76,68,174,xxs,0
76,68,175,xxs,0
76,68,176,xxs,0
76,68,177,xxs,0
76,68,178,xxs,0
76,68,179,xxs,0
76,68,180,xxs,0
76,68,181,xxs,0
80,72,170,xs,1
80,72,171,xs,1
80,72,172,xs,1
80,72,173,xs,1
80,72,174,xs,1
80,72,175,xs,1
80,72,176,xs,1
80,72,177,xs,1
80,72,178,xs,1
80,72,179,xs,1
80,72,180,xs,1
80,72,181,xs,1
80,73,170,xs,1
80,73,171,xs,1
80,73,172,xs,1
80,73,173,xs,1
80,73,174,xs,1
80,73,175,xs,1
80,73,176,xs,1
80,73,177,xs,1
80,73,178,xs,1
80,73,179,xs,1
80,73,180,xs,1
80,73,181,xs,1
80,74,170,xs,1
80,74,171,xs,1
80,74,172,xs,1
80,74,173,xs,1
80,74,174,xs,1
80,74,175,xs,1
80,74,176,xs,1
80,74,177,xs,1
80,74,178,xs,1
80,74,179,xs,1
80,74,180,xs,1
80,74,181,xs,1
81,72,170,xs,1
81,72,171,xs,1
81,72,172,xs,1
81,72,173,xs,1
81,72,174,xs,1
81,72,175,xs,1
81,72,176,xs,1
81,72,177,xs,1
81,72,178,xs,1
81,72,179,xs,1
81,72,180,xs,1
81,72,181,xs,1
81,73,170,xs,1
81,73,171,xs,1
81,73,172,xs,1
81,73,173,xs,1
81,73,174,xs,1
81,73,175,xs,1
81,73,176,xs,1
81,73,177,xs,1
81,73,178,xs,1
81,73,179,xs,1
81,73,180,xs,1
81,73,181,xs,1
81,74,170,xs,1
81,74,171,xs,1
81,74,172,xs,1
81,74,173,xs,1
81,74,174,xs,1
81,74,175,xs,1
81,74,176,xs,1
81,74,177,xs,1
81,74,178,xs,1
81,74,179,xs,1
81,74,180,xs,1
81,74,181,xs,1
82,72,170,xs,1
82,72,171,xs,1
82,72,172,xs,1
82,72,173,xs,1
82,72,174,xs,1
82,72,175,xs,1
82,72,176,xs,1
82,72,177,xs,1
82,72,178,xs,1
82,72,179,xs,1
82,72,180,xs,1
82,72,181,xs,1
82,73,170,xs,1
82,73,171,xs,1
82,73,172,xs,1
82,73,173,xs,1
82,73,174,xs,1
82,73,175,xs,1
82,73,176,xs,1
82,73,177,xs,1
82,73,178,xs,1
82,73,179,xs,1
82,73,180,xs,1
82,73,181,xs,1
82,74,170,xs,1
82,74,171,xs,1
82,74,172,xs,1
82,74,173,xs,1
82,74,174,xs,1
82,74,175,xs,1
82,74,176,xs,1
82,74,177,xs,1
82,74,178,xs,1
82,74,179,xs,1
82,74,180,xs,1
82,74,181,xs,1
83,72,170,xs,1
83,72,171,xs,1
83,72,172,xs,1
83,72,173,xs,1
83,72,174,xs,1
83,72,175,xs,1
83,72,176,xs,1
83,72,177,xs,1
83,72,178,xs,1
83,72,179,xs,1
83,72,180,xs,1
83,72,181,xs,1
83,73,170,xs,1
83,73,171,xs,1
83,73,172,xs,1
83,73,173,xs,1
83,73,174,xs,1
83,73,175,xs,1
83,73,176,xs,1
83,73,177,xs,1
83,73,178,xs,1
83,73,179,xs,1
83,73,180,xs,1
83,73,181,xs,1
83,74,170,xs,1
83,74,171,xs,1
83,74,172,xs,1
83,74,173,xs,1
83,74,174,xs,1
83,74,175,xs,1
83,74,176,xs,1
83,74,177,xs,1
83,74,178,xs,1
83,74,179,xs,1
83,74,180,xs,1
83,74,181,xs,1
84,72,170,xs,1
84,72,171,xs,1
84,72,172,xs,1
84,72,173,xs,1
84,72,174,xs,1
84,72,175,xs,1
84,72,176,xs,1
84,72,177,xs,1
84,72,178,xs,1
84,72,179,xs,1
84,72,180,xs,1
84,72,181,xs,1
84,73,170,xs,1
84,73,171,xs,1
84,73,172,xs,1
84,73,173,xs,1
84,73,174,xs,1
84,73,175,xs,1
84,73,176,xs,1
84,73,177,xs,1
84,73,178,xs,1
84,73,179,xs,1
84,73,180,xs,1
84,73,181,xs,1
84,74,170,xs,1
84,74,171,xs,1
84,74,172,xs,1
84,74,173,xs,1
84,74,174,xs,1
84,74,175,xs,1
84,74,176,xs,1
84,74,177,xs,1
84,74,178,xs,1
84,74,179,xs,1
84,74,180,xs,1
84,74,181,xs,1
88,76,170,s,2
88,76,171,s,2
88,76,172,s,2
88,76,173,s,2
88,76,174,s,2
88,76,175,s,2
88,76,176,s,2
88,76,177,s,2
88,76,178,s,2
88,76,179,s,2
88,76,180,s,2
88,76,181,s,2
88,77,170,s,2
88,77,171,s,2
88,77,172,s,2
88,77,173,s,2
88,77,174,s,2
88,77,175,s,2
88,77,176,s,2
88,77,177,s,2
88,77,178,s,2
88,77,179,s,2
88,77,180,s,2
88,77,181,s,2
88,78,170,s,2
88,78,171,s,2
88,78,172,s,2
88,78,173,s,2
88,78,174,s,2
88,78,175,s,2
88,78,176,s,2
88,78,177,s,2
88,78,178,s,2
88,78,179,s,2
88,78,180,s,2
88,78,181,s,2
88,79,170,s,2
88,79,171,s,2
88,79,172,s,2
88,79,173,s,2
88,79,174,s,2
88,79,175,s,2
88,79,176,s,2
88,79,177,s,2
88,79,178,s,2
88,79,179,s,2
88,79,180,s,2
88,79,181,s,2
88,80,170,s,2
88,80,171,s,2
88,80,172,s,2
88,80,173,s,2
88,80,174,s,2
88,80,175,s,2
88,80,176,s,2
88,80,177,s,2
88,80,178,s,2
88,80,179,s,2
88,80,180,s,2
88,80,181,s,2
89,76,170,s,2
89,76,171,s,2
89,76,172,s,2
89,76,173,s,2
89,76,174,s,2
89,76,175,s,2
89,76,176,s,2
89,76,177,s,2
89,76,178,s,2
89,76,179,s,2
89,76,180,s,2
89,76,181,s,2
89,77,170,s,2
89,77,171,s,2
89,77,172,s,2
89,77,173,s,2
89,77,174,s,2
89,77,175,s,2
89,77,176,s,2
89,77,177,s,2
89,77,178,s,2
89,77,179,s,2
89,77,180,s,2
89,77,181,s,2
89,78,170,s,2
89,78,171,s,2
89,78,172,s,2
89,78,173,s,2
89,78,174,s,2
89,78,175,s,2
89,78,176,s,2
89,78,177,s,2
89,78,178,s,2
89,78,179,s,2
89,78,180,s,2
89,78,181,s,2
89,79,170,s,2
89,79,171,s,2
89,79,172,s,2
89,79,173,s,2
89,79,174,s,2
89,79,175,s,2
89,79,176,s,2
89,79,177,s,2
89,79,178,s,2
89,79,179,s,2
89,79,180,s,2
89,79,181,s,2
89,80,170,s,2
89,80,171,s,2
89,80,172,s,2
89,80,173,s,2
89,80,174,s,2
89,80,175,s,2
89,80,176,s,2
89,80,177,s,2
89,80,178,s,2
89,80,179,s,2
89,80,180,s,2
89,80,181,s,2
90,76,170,s,2
90,76,171,s,2
90,76,172,s,2
90,76,173,s,2
90,76,174,s,2
90,76,175,s,2
90,76,176,s,2
90,76,177,s,2
90,76,178,s,2
90,76,179,s,2
90,76,180,s,2
90,76,181,s,2
90,77,170,s,2
90,77,171,s,2
90,77,172,s,2
90,77,173,s,2
90,77,174,s,2
90,77,175,s,2
90,77,176,s,2
90,77,177,s,2
90,77,178,s,2
90,77,179,s,2
90,77,180,s,2
90,77,181,s,2
90,78,170,s,2
90,78,171,s,2
90,78,172,s,2
90,78,173,s,2
90,78,174,s,2
90,78,175,s,2
90,78,176,s,2
90,78,177,s,2
90,78,178,s,2
90,78,179,s,2
90,78,180,s,2
90,78,181,s,2
90,79,170,s,2
90,79,171,s,2
90,79,172,s,2
90,79,173,s,2
90,79,174,s,2
90,79,175,s,2
90,79,176,s,2
90,79,177,s,2
90,79,178,s,2
90,79,179,s,2
90,79,180,s,2
90,79,181,s,2
90,80,170,s,2
90,80,171,s,2
90,80,172,s,2
90,80,173,s,2
90,80,174,s,2
90,80,175,s,2
90,80,176,s,2
90,80,177,s,2
90,80,178,s,2
90,80,179,s,2
90,80,180,s,2
90,80,181,s,2
91,76,170,s,2
91,76,171,s,2
91,76,172,s,2
91,76,173,s,2
91,76,174,s,2
91,76,175,s,2
91,76,176,s,2
91,76,177,s,2
91,76,178,s,2
91,76,179,s,2
91,76,180,s,2
91,76,181,s,2
91,77,170,s,2
91,77,171,s,2
91,77,172,s,2
91,77,173,s,2
91,77,174,s,2
91,77,175,s,2
91,77,176,s,2
91,77,177,s,2
91,77,178,s,2
91,77,179,s,2
91,77,180,s,2
91,77,181,s,2
91,78,170,s,2
91,78,171,s,2
91,78,172,s,2
91,78,173,s,2
91,78,174,s,2
91,78,175,s,2
91,78,176,s,2
91,78,177,s,2
91,78,178,s,2
91,78,179,s,2
91,78,180,s,2
91,78,181,s,2
91,79,170,s,2
91,79,171,s,2
91,79,172,s,2
91,79,173,s,2
91,79,174,s,2
91,79,175,s,2
91,79,176,s,2
91,79,177,s,2
91,79,178,s,2
91,79,179,s,2
91,79,180,s,2
91,79,181,s,2
91,80,170,s,2
91,80,171,s,2
91,80,172,s,2
91,80,173,s,2
91,80,174,s,2
91,80,175,s,2
91,80,176,s,2
91,80,177,s,2
91,80,178,s,2
91,80,179,s,2
91,80,180,s,2
91,80,181,s,2
92,76,170,s,2
92,76,171,s,2
92,76,172,s,2
92,76,173,s,2
92,76,174,s,2
92,76,175,s,2
92,76,176,s,2
92,76,177,s,2
92,76,178,s,2
92,76,179,s,2
92,76,180,s,2
92,76,181,s,2
92,77,170,s,2
92,77,171,s,2
92,77,172,s,2
92,77,173,s,2
92,77,174,s,2
92,77,175,s,2
92,77,176,s,2
92,77,177,s,2
92,77,178,s,2
92,77,179,s,2
92,77,180,s,2
92,77,181,s,2
92,78,170,s,2
92,78,171,s,2
92,78,172,s,2
92,78,173,s,2
92,78,174,s,2
92,78,175,s,2
92,78,176,s,2
92,78,177,s,2
92,78,178,s,2
92,78,179,s,2
92,78,180,s,2
92,78,181,s,2
92,79,170,s,2
92,79,171,s,2
92,79,172,s,2
92,79,173,s,2
92,79,174,s,2
92,79,175,s,2
92,79,176,s,2
92,79,177,s,2
92,79,178,s,2
92,79,179,s,2
92,79,180,s,2
92,79,181,s,2
92,80,170,s,2
92,80,171,s,2
92,80,172,s,2
92,80,173,s,2
92,80,174,s,2
92,80,175,s,2
92,80,176,s,2
92,80,177,s,2
92,80,178,s,2
92,80,179,s,2
92,80,180,s,2
92,80,181,s,2
96,84,175,m,3
96,84,176,m,3
96,84,177,m,3
96,84,178,m,3
96,84,179,m,3
96,84,180,m,3
96,84,181,m,3
96,84,182,m,3
96,84,183,m,3
96,84,184,m,3
96,84,185,m,3
96,84,186,m,3
96,84,187,m,3
96,85,175,m,3
96,85,176,m,3
96,85,177,m,3
96,85,178,m,3
96,85,179,m,3
96,85,180,m,3
96,85,181,m,3
96,85,182,m,3
96,85,183,m,3
96,85,184,m,3
96,85,185,m,3
96,85,186,m,3
96,85,187,m,3
96,86,175,m,3
96,86,176,m,3
96,86,177,m,3
96,86,178,m,3
96,86,179,m,3
96,86,180,m,3
96,86,181,m,3
96,86,182,m,3
96,86,183,m,3
96,86,184,m,3
96,86,185,m,3
96,86,186,m,3
96,86,187,m,3
96,87,175,m,3
96,87,176,m,3
96,87,177,m,3
96,87,178,m,3
96,87,179,m,3
96,87,180,m,3
96,87,181,m,3
96,87,182,m,3
96,87,183,m,3
96,87,184,m,3
96,87,185,m,3
96,87,186,m,3
96,87,187,m,3
96,88,175,m,3
96,88,176,m,3
96,88,177,m,3
96,88,178,m,3
96,88,179,m,3
96,88,180,m,3
96,88,181,m,3
96,88,182,m,3
96,88,183,m,3
96,88,184,m,3
96,88,185,m,3
96,88,186,m,3
96,88,187,m,3
97,84,175,m,3
97,84,176,m,3
97,84,177,m,3
97,84,178,m,3
97,84,179,m,3
97,84,180,m,3
97,84,181,m,3
97,84,182,m,3
97,84,183,m,3
97,84,184,m,3
97,84,185,m,3
97,84,186,m,3
97,84,187,m,3
97,85,175,m,3
97,85,176,m,3
97,85,177,m,3
97,85,178,m,3
97,85,179,m,3
97,85,180,m,3
97,85,181,m,3
97,85,182,m,3
97,85,183,m,3
97,85,184,m,3
97,85,185,m,3
97,85,186,m,3
97,85,187,m,3
97,86,175,m,3
97,86,176,m,3
97,86,177,m,3
97,86,178,m,3
97,86,179,m,3
97,86,180,m,3
97,86,181,m,3
97,86,182,m,3
97,86,183,m,3
97,86,184,m,3
97,86,185,m,3
97,86,186,m,3
97,86,187,m,3
97,87,175,m,3
97,87,176,m,3
97,87,177,m,3
97,87,178,m,3
97,87,179,m,3
97,87,180,m,3
97,87,181,m,3
97,87,182,m,3
97,87,183,m,3
97,87,184,m,3
97,87,185,m,3
97,87,186,m,3
97,87,187,m,3
97,88,175,m,3
97,88,176,m,3
97,88,177,m,3
97,88,178,m,3
97,88,179,m,3
97,88,180,m,3
97,88,181,m,3
97,88,182,m,3
97,88,183,m,3
97,88,184,m,3
97,88,185,m,3
97,88,186,m,3
97,88,187,m,3
98,84,175,m,3
98,84,176,m,3
98,84,177,m,3
98,84,178,m,3
98,84,179,m,3
98,84,180,m,3
98,84,181,m,3
98,84,182,m,3
98,84,183,m,3
98,84,184,m,3
98,84,185,m,3
98,84,186,m,3
98,84,187,m,3
98,85,175,m,3
98,85,176,m,3
98,85,177,m,3
98,85,178,m,3
98,85,179,m,3
98,85,180,m,3
98,85,181,m,3
98,85,182,m,3
98,85,183,m,3
98,85,184,m,3
98,85,185,m,3
98,85,186,m,3
98,85,187,m,3
98,86,175,m,3
98,86,176,m,3
98,86,177,m,3
98,86,178,m,3
98,86,179,m,3
98,86,180,m,3
98,86,181,m,3
98,86,182,m,3
98,86,183,m,3
98,86,184,m,3
98,86,185,m,3
98,86,186,m,3
98,86,187,m,3
98,87,175,m,3
98,87,176,m,3
98,87,177,m,3
98,87,178,m,3
98,87,179,m,3
98,87,180,m,3
98,87,181,m,3
98,87,182,m,3
98,87,183,m,3
98,87,184,m,3
98,87,185,m,3
98,87,186,m,3
98,87,187,m,3
98,88,175,m,3
98,88,176,m,3
98,88,177,m,3
98,88,178,m,3
98,88,179,m,3
98,88,180,m,3
98,88,181,m,3
98,88,182,m,3
98,88,183,m,3
98,88,184,m,3
98,88,185,m,3
98,88,186,m,3
98,88,187,m,3
99,84,175,m,3
99,84,176,m,3
99,84,177,m,3
99,84,178,m,3
99,84,179,m,3
99,84,180,m,3
99,84,181,m,3
99,84,182,m,3
99,84,183,m,3
99,84,184,m,3
99,84,185,m,3
99,84,186,m,3
99,84,187,m,3
99,85,175,m,3
99,85,176,m,3
99,85,177,m,3
99,85,178,m,3
99,85,179,m,3
99,85,180,m,3
99,85,181,m,3
99,85,182,m,3
99,85,183,m,3
99,85,184,m,3
99,85,185,m,3
99,85,186,m,3
99,85,187,m,3
99,86,175,m,3
99,86,176,m,3
99,86,177,m,3
99,86,178,m,3
99,86,179,m,3
99,86,180,m,3
99,86,181,m,3
99,86,182,m,3
99,86,183,m,3
99,86,184,m,3
99,86,185,m,3
99,86,186,m,3
99,86,187,m,3
99,87,175,m,3
99,87,176,m,3
99,87,177,m,3
99,87,178,m,3
99,87,179,m,3
99,87,180,m,3
99,87,181,m,3
99,87,182,m,3
99,87,183,m,3
99,87,184,m,3
99,87,185,m,3
99,87,186,m,3
99,87,187,m,3
99,88,175,m,3
99,88,176,m,3
99,88,177,m,3
99,88,178,m,3
99,88,179,m,3
99,88,180,m,3
99,88,181,m,3
99,88,182,m,3
99,88,183,m,3
99,88,184,m,3
99,88,185,m,3
99,88,186,m,3
99,88,187,m,3
100,84,175,m,3
100,84,176,m,3
100,84,177,m,3
100,84,178,m,3
100,84,179,m,3
100,84,180,m,3
100,84,181,m,3
100,84,182,m,3
100,84,183,m,3
100,84,184,m,3
100,84,185,m,3
100,84,186,m,3
100,84,187,m,3
100,85,175,m,3
100,85,176,m,3
100,85,177,m,3
100,85,178,m,3
100,85,179,m,3
100,85,180,m,3
100,85,181,m,3
100,85,182,m,3
100,85,183,m,3
100,85,184,m,3
100,85,185,m,3
100,85,186,m,3
100,85,187,m,3
100,86,175,m,3
100,86,176,m,3
100,86,177,m,3
100,86,178,m,3
100,86,179,m,3
100,86,180,m,3
100,86,181,m,3
100,86,182,m,3
100,86,183,m,3
100,86,184,m,3
100,86,185,m,3
100,86,186,m,3
100,86,187,m,3
100,87,175,m,3
100,87,176,m,3
100,87,177,m,3
100,87,178,m,3
100,87,179,m,3
100,87,180,m,3
100,87,181,m,3
100,87,182,m,3
100,87,183,m,3
100,87,184,m,3
100,87,185,m,3
100,87,186,m,3
100,87,187,m,3
100,88,175,m,3
100,88,176,m,3
100,88,177,m,3
100,88,178,m,3
100,88,179,m,3
100,88,180,m,3
100,88,181,m,3
100,88,182,m,3
100,88,183,m,3
100,88,184,m,3
100,88,185,m,3
100,88,186,m,3
100,88,187,m,3
104,92,175,l,4
104,92,176,l,4
104,92,177,l,4
104,92,178,l,4
104,92,179,l,4
104,92,180,l,4
104,92,181,l,4
104,92,182,l,4
104,92,183,l,4
104,92,184,l,4
104,92,185,l,4
104,92,186,l,4
104,92,187,l,4
104,93,175,l,4
104,93,176,l,4
104,93,177,l,4
104,93,178,l,4
104,93,179,l,4
104,93,180,l,4
104,93,181,l,4
104,93,182,l,4
104,93,183,l,4
104,93,184,l,4
104,93,185,l,4
104,93,186,l,4
104,93,187,l,4
104,94,175,l,4
104,94,176,l,4
104,94,177,l,4
104,94,178,l,4
104,94,179,l,4
104,94,180,l,4
104,94,181,l,4
104,94,182,l,4
104,94,183,l,4
104,94,184,l,4
104,94,185,l,4
104,94,186,l,4
104,94,187,l,4
104,95,175,l,4
104,95,176,l,4
104,95,177,l,4
104,95,178,l,4
104,95,179,l,4
104,95,180,l,4
104,95,181,l,4
104,95,182,l,4
104,95,183,l,4
104,95,184,l,4
104,95,185,l,4
104,95,186,l,4
104,95,187,l,4
104,96,175,l,4
104,96,176,l,4
104,96,177,l,4
104,96,178,l,4
104,96,179,l,4
104,96,180,l,4
104,96,181,l,4
104,96,182,l,4
104,96,183,l,4
104,96,184,l,4
104,96,185,l,4
104,96,186,l,4
104,96,187,l,4
105,92,175,l,4
105,92,176,l,4
105,92,177,l,4
105,92,178,l,4
105,92,179,l,4
105,92,180,l,4
105,92,181,l,4
105,92,182,l,4
105,92,183,l,4
105,92,184,l,4
105,92,185,l,4
105,92,186,l,4
105,92,187,l,4
105,93,175,l,4
105,93,176,l,4
105,93,177,l,4
105,93,178,l,4
105,93,179,l,4
105,93,180,l,4
105,93,181,l,4
105,93,182,l,4
105,93,183,l,4
105,93,184,l,4
105,93,185,l,4
105,93,186,l,4
105,93,187,l,4
105,94,175,l,4
105,94,176,l,4
105,94,177,l,4
105,94,178,l,4
105,94,179,l,4
105,94,180,l,4
105,94,181,l,4
105,94,182,l,4
105,94,183,l,4
105,94,184,l,4
105,94,185,l,4
105,94,186,l,4
105,94,187,l,4
105,95,175,l,4
105,95,176,l,4
105,95,177,l,4
105,95,178,l,4
105,95,179,l,4
105,95,180,l,4
105,95,181,l,4
105,95,182,l,4
105,95,183,l,4
105,95,184,l,4
105,95,185,l,4
105,95,186,l,4
105,95,187,l,4
105,96,175,l,4
105,96,176,l,4
105,96,177,l,4
105,96,178,l,4
105,96,179,l,4
105,96,180,l,4
105,96,181,l,4
105,96,182,l,4
105,96,183,l,4
105,96,184,l,4
105,96,185,l,4
105,96,186,l,4
105,96,187,l,4
106,92,175,l,4
106,92,176,l,4
106,92,177,l,4
106,92,178,l,4
106,92,179,l,4
106,92,180,l,4
106,92,181,l,4
106,92,182,l,4
106,92,183,l,4
106,92,184,l,4
106,92,185,l,4
106,92,186,l,4
106,92,187,l,4
106,93,175,l,4
106,93,176,l,4
106,93,177,l,4
106,93,178,l,4
106,93,179,l,4
106,93,180,l,4
106,93,181,l,4
106,93,182,l,4
106,93,183,l,4
106,93,184,l,4
106,93,185,l,4
106,93,186,l,4
106,93,187,l,4
106,94,175,l,4
106,94,176,l,4
106,94,177,l,4
106,94,178,l,4
106,94,179,l,4
106,94,180,l,4
106,94,181,l,4
106,94,182,l,4
106,94,183,l,4
106,94,184,l,4
106,94,185,l,4
106,94,186,l,4
106,94,187,l,4
106,95,175,l,4
106,95,176,l,4
106,95,177,l,4
106,95,178,l,4
106,95,179,l,4
106,95,180,l,4
106,95,181,l,4
106,95,182,l,4
106,95,183,l,4
106,95,184,l,4
106,95,185,l,4
106,95,186,l,4
106,95,187,l,4
106,96,175,l,4
106,96,176,l,4
106,96,177,l,4
106,96,178,l,4
106,96,179,l,4
106,96,180,l,4
106,96,181,l,4
106,96,182,l,4
106,96,183,l,4
106,96,184,l,4
106,96,185,l,4
106,96,186,l,4
106,96,187,l,4
107,92,175,l,4
107,92,176,l,4
107,92,177,l,4
107,92,178,l,4
107,92,179,l,4
107,92,180,l,4
107,92,181,l,4
107,92,182,l,4
107,92,183,l,4
107,92,184,l,4
107,92,185,l,4
107,92,186,l,4
107,92,187,l,4
107,93,175,l,4
107,93,176,l,4
107,93,177,l,4
107,93,178,l,4
107,93,179,l,4
107,93,180,l,4
107,93,181,l,4
107,93,182,l,4
107,93,183,l,4
107,93,184,l,4
107,93,185,l,4
107,93,186,l,4
107,93,187,l,4
107,94,175,l,4
107,94,176,l,4
107,94,177,l,4
107,94,178,l,4
107,94,179,l,4
107,94,180,l,4
107,94,181,l,4
107,94,182,l,4
107,94,183,l,4
107,94,184,l,4
107,94,185,l,4
107,94,186,l,4
107,94,187,l,4
107,95,175,l,4
107,95,176,l,4
107,95,177,l,4
107,95,178,l,4
107,95,179,l,4
107,95,180,l,4
107,95,181,l,4
107,95,182,l,4
107,95,183,l,4
107,95,184,l,4
107,95,185,l,4
107,95,186,l,4
107,95,187,l,4
107,96,175,l,4
107,96,176,l,4
107,96,177,l,4
107,96,178,l,4
107,96,179,l,4
107,96,180,l,4
107,96,181,l,4
107,96,182,l,4
107,96,183,l,4
107,96,184,l,4
107,96,185,l,4
107,96,186,l,4
107,96,187,l,4
108,92,175,l,4
108,92,176,l,4
108,92,177,l,4
108,92,178,l,4
108,92,179,l,4
108,92,180,l,4
108,92,181,l,4
108,92,182,l,4
108,92,183,l,4
108,92,184,l,4
108,92,185,l,4
108,92,186,l,4
108,92,187,l,4
108,93,175,l,4
108,93,176,l,4
108,93,177,l,4
108,93,178,l,4
108,93,179,l,4
108,93,180,l,4
108,93,181,l,4
108,93,182,l,4
108,93,183,l,4
108,93,184,l,4
108,93,185,l,4
108,93,186,l,4
108,93,187,l,4
108,94,175,l,4
108,94,176,l,4
108,94,177,l,4
108,94,178,l,4
108,94,179,l,4
108,94,180,l,4
108,94,181,l,4
108,94,182,l,4
108,94,183,l,4
108,94,184,l,4
108,94,185,l,4
108,94,186,l,4
108,94,187,l,4
108,95,175,l,4
108,95,176,l,4
108,95,177,l,4
108,95,178,l,4
108,95,179,l,4
108,95,180,l,4
108,95,181,l,4
108,95,182,l,4
108,95,183,l,4
108,95,184,l,4
108,95,185,l,4
108,95,186,l,4
108,95,187,l,4
108,96,175,l,4
108,96,176,l,4
108,96,177,l,4
108,96,178,l,4
108,96,179,l,4
108,96,180,l,4
108,96,181,l,4
108,96,182,l,4
108,96,183,l,4
108,96,184,l,4
108,96,185,l,4
108,96,186,l,4
108,96,187,l,4
112,100,175,xl,5
112,100,176,xl,5
112,100,177,xl,5
112,100,178,xl,5
112,100,179,xl,5
112,100,180,xl,5
112,100,181,xl,5
112,100,182,xl,5
112,100,183,xl,5
112,100,184,xl,5
112,100,185,xl,5
112,100,186,xl,5
112,100,187,xl,5
112,100,188,xl,5
112,100,189,xl,5
112,101,175,xl,5
112,101,176,xl,5
112,101,177,xl,5
112,101,178,xl,5
112,101,179,xl,5
112,101,180,xl,5
112,101,181,xl,5
112,101,182,xl,5
112,101,183,xl,5
112,101,184,xl,5
112,101,185,xl,5
112,101,186,xl,5
112,101,187,xl,5
112,101,188,xl,5
112,101,189,xl,5
112,102,175,xl,5
112,102,176,xl,5
112,102,177,xl,5
112,102,178,xl,5
112,102,179,xl,5
112,102,180,xl,5
112,102,181,xl,5
112,102,182,xl,5
112,102,183,xl,5
112,102,184,xl,5
112,102,185,xl,5
112,102,186,xl,5
112,102,187,xl,5
112,102,188,xl,5
112,102,189,xl,5
112,103,175,xl,5
112,103,176,xl,5
112,103,177,xl,5
112,103,178,xl,5
112,103,179,xl,5
112,103,180,xl,5
112,103,181,xl,5
112,103,182,xl,5
112,103,183,xl,5
112,103,184,xl,5
112,103,185,xl,5
112,103,186,xl,5
112,103,187,xl,5
112,103,188,xl,5
112,103,189,xl,5
112,104,175,xl,5
112,104,176,xl,5
112,104,177,xl,5
112,104,178,xl,5
112,104,179,xl,5
112,104,180,xl,5
112,104,181,xl,5
112,104,182,xl,5
112,104,183,xl,5
112,104,184,xl,5
112,104,185,xl,5
112,104,186,xl,5
112,104,187,xl,5
112,104,188,xl,5
112,104,189,xl,5
113,100,175,xl,5
113,100,176,xl,5
113,100,177,xl,5
113,100,178,xl,5
113,100,179,xl,5
113,100,180,xl,5
113,100,181,xl,5
113,100,182,xl,5
113,100,183,xl,5
113,100,184,xl,5
113,100,185,xl,5
113,100,186,xl,5
113,100,187,xl,5
113,100,188,xl,5
113,100,189,xl,5
113,101,175,xl,5
113,101,176,xl,5
113,101,177,xl,5
113,101,178,xl,5
113,101,179,xl,5
113,101,180,xl,5
113,101,181,xl,5
113,101,182,xl,5
113,101,183,xl,5
113,101,184,xl,5
113,101,185,xl,5
113,101,186,xl,5
113,101,187,xl,5
113,101,188,xl,5
113,101,189,xl,5
113,102,175,xl,5
113,102,176,xl,5
113,102,177,xl,5
113,102,178,xl,5
113,102,179,xl,5
113,102,180,xl,5
113,102,181,xl,5
113,102,182,xl,5
113,102,183,xl,5
113,102,184,xl,5
113,102,185,xl,5
113,102,186,xl,5
113,102,187,xl,5
113,102,188,xl,5
113,102,189,xl,5
113,103,175,xl,5
113,103,176,xl,5
113,103,177,xl,5
113,103,178,xl,5
113,103,179,xl,5
113,103,180,xl,5
113,103,181,xl,5
113,103,182,xl,5
113,103,183,xl,5
113,103,184,xl,5
113,103,185,xl,5
113,103,186,xl,5
113,103,187,xl,5
113,103,188,xl,5
113,103,189,xl,5
113,104,175,xl,5
113,104,176,xl,5
113,104,177,xl,5
113,104,178,xl,5
113,104,179,xl,5
113,104,180,xl,5
113,104,181,xl,5
113,104,182,xl,5
113,104,183,xl,5
113,104,184,xl,5
113,104,185,xl,5
113,104,186,xl,5
113,104,187,xl,5
113,104,188,xl,5
113,104,189,xl,5
114,100,175,xl,5
114,100,176,xl,5
114,100,177,xl,5
114,100,178,xl,5
114,100,179,xl,5
114,100,180,xl,5
114,100,181,xl,5
114,100,182,xl,5
114,100,183,xl,5
114,100,184,xl,5
114,100,185,xl,5
114,100,186,xl,5
114,100,187,xl,5
114,100,188,xl,5
114,100,189,xl,5
114,101,175,xl,5
114,101,176,xl,5
114,101,177,xl,5
114,101,178,xl,5
114,101,179,xl,5
114,101,180,xl,5
114,101,181,xl,5
114,101,182,xl,5
114,101,183,xl,5
114,101,184,xl,5
114,101,185,xl,5
114,101,186,xl,5
114,101,187,xl,5
114,101,188,xl,5
114,101,189,xl,5
114,102,175,xl,5
114,102,176,xl,5
114,102,177,xl,5
114,102,178,xl,5
114,102,179,xl,5
114,102,180,xl,5
114,102,181,xl,5
114,102,182,xl,5
114,102,183,xl,5
114,102,184,xl,5
114,102,185,xl,5
114,102,186,xl,5
114,102,187,xl,5
114,102,188,xl,5
114,102,189,xl,5
114,103,175,xl,5
114,103,176,xl,5
114,103,177,xl,5
114,103,178,xl,5
114,103,179,xl,5
114,103,180,xl,5
114,103,181,xl,5
114,103,182,xl,5
114,103,183,xl,5
114,103,184,xl,5
114,103,185,xl,5
114,103,186,xl,5
114,103,187,xl,5
114,103,188,xl,5
114,103,189,xl,5
114,104,175,xl,5
114,104,176,xl,5
114,104,177,xl,5
114,104,178,xl,5
114,104,179,xl,5
114,104,180,xl,5
114,104,181,xl,5
114,104,182,xl,5
114,104,183,xl,5
114,104,184,xl,5
114,104,185,xl,5
114,104,186,xl,5
114,104,187,xl,5
114,104,188,xl,5
114,104,189,xl,5
115,100,175,xl,5
115,100,176,xl,5
115,100,177,xl,5
115,100,178,xl,5
115,100,179,xl,5
115,100,180,xl,5
115,100,181,xl,5
115,100,182,xl,5
115,100,183,xl,5
115,100,184,xl,5
115,100,185,xl,5
115,100,186,xl,5
115,100,187,xl,5
115,100,188,xl,5
115,100,189,xl,5
115,101,175,xl,5
115,101,176,xl,5
115,101,177,xl,5
115,101,178,xl,5
115,101,179,xl,5
115,101,180,xl,5
115,101,181,xl,5
115,101,182,xl,5
115,101,183,xl,5
115,101,184,xl,5
115,101,185,xl,5
115,101,186,xl,5
115,101,187,xl,5
115,101,188,xl,5
115,101,189,xl,5
115,102,175,xl,5
115,102,176,xl,5
115,102,177,xl,5
115,102,178,xl,5
115,102,179,xl,5
115,102,180,xl,5
115,102,181,xl,5
115,102,182,xl,5
115,102,183,xl,5
115,102,184,xl,5
115,102,185,xl,5
115,102,186,xl,5
115,102,187,xl,5
115,102,188,xl,5
115,102,189,xl,5
115,103,175,xl,5
115,103,176,xl,5
115,103,177,xl,5
115,103,178,xl,5
115,103,179,xl,5
115,103,180,xl,5
115,103,181,xl,5
115,103,182,xl,5
115,103,183,xl,5
115,103,184,xl,5
115,103,185,xl,5
115,103,186,xl,5
115,103,187,xl,5
115,103,188,xl,5
115,103,189,xl,5
115,104,175,xl,5
115,104,176,xl,5
115,104,177,xl,5
115,104,178,xl,5
115,104,179,xl,5
115,104,180,xl,5
115,104,181,xl,5
115,104,182,xl,5
115,104,183,xl,5
115,104,184,xl,5
115,104,185,xl,5
115,104,186,xl,5
115,104,187,xl,5
115,104,188,xl,5
115,104,189,xl,5
116,100,175,xl,5
116,100,176,xl,5
116,100,177,xl,5
116,100,178,xl,5
116,100,179,xl,5
116,100,180,xl,5
116,100,181,xl,5
116,100,182,xl,5
116,100,183,xl,5
116,100,184,xl,5
116,100,185,xl,5
116,100,186,xl,5
116,100,187,xl,5
116,100,188,xl,5
116,100,189,xl,5
116,101,175,xl,5
116,101,176,xl,5
116,101,177,xl,5
116,101,178,xl,5
116,101,179,xl,5
116,101,180,xl,5
116,101,181,xl,5
116,101,182,xl,5
116,101,183,xl,5
116,101,184,xl,5
116,101,185,xl,5
116,101,186,xl,5
116,101,187,xl,5
116,101,188,xl,5
116,101,189,xl,5
116,102,175,xl,5
116,102,176,xl,5
116,102,177,xl,5
116,102,178,xl,5
116,102,179,xl,5
116,102,180,xl,5
116,102,181,xl,5
116,102,182,xl,5
116,102,183,xl,5
116,102,184,xl,5
116,102,185,xl,5
116,102,186,xl,5
116,102,187,xl,5
116,102,188,xl,5
116,102,189,xl,5
116,103,175,xl,5
116,103,176,xl,5
116,103,177,xl,5
116,103,178,xl,5
116,103,179,xl,5
116,103,180,xl,5
116,103,181,xl,5
116,103,182,xl,5
116,103,183,xl,5
116,103,184,xl,5
116,103,185,xl,5
116,103,186,xl,5
116,103,187,xl,5
116,103,188,xl,5
116,103,189,xl,5
116,104,175,xl,5
116,104,176,xl,5
116,104,177,xl,5
116,104,178,xl,5
116,104,179,xl,5
116,104,180,xl,5
116,104,181,xl,5
116,104,182,xl,5
116,104,183,xl,5
116,104,184,xl,5
116,104,185,xl,5
116,104,186,xl,5
116,104,187,xl,5
116,104,188,xl,5
116,104,189,xl,5
120,108,175,xxl,6
120,108,176,xxl,6
120,108,177,xxl,6
120,108,178,xxl,6
120,108,179,xxl,6
120,108,180,xxl,6
120,108,181,xxl,6
120,108,182,xxl,6
120,108,183,xxl,6
120,108,184,xxl,6
120,108,185,xxl,6
120,108,186,xxl,6
120,108,187,xxl,6
120,108,188,xxl,6
120,108,189,xxl,6
120,109,175,xxl,6
120,109,176,xxl,6
120,109,177,xxl,6
120,109,178,xxl,6
120,109,179,xxl,6
120,109,180,xxl,6
120,109,181,xxl,6
120,109,182,xxl,6
120,109,183,xxl,6
120,109,184,xxl,6
120,109,185,xxl,6
120,109,186,xxl,6
120,109,187,xxl,6
120,109,188,xxl,6
120,109,189,xxl,6
120,110,175,xxl,6
120,110,176,xxl,6
120,110,177,xxl,6
120,110,178,xxl,6
120,110,179,xxl,6
120,110,180,xxl,6
120,110,181,xxl,6
120,110,182,xxl,6
120,110,183,xxl,6
120,110,184,xxl,6
120,110,185,xxl,6
120,110,186,xxl,6
120,110,187,xxl,6
120,110,188,xxl,6
120,110,189,xxl,6
120,111,175,xxl,6
120,111,176,xxl,6
120,111,177,xxl,6
120,111,178,xxl,6
120,111,179,xxl,6
120,111,180,xxl,6
120,111,181,xxl,6
120,111,182,xxl,6
120,111,183,xxl,6
120,111,184,xxl,6
120,111,185,xxl,6
120,111,186,xxl,6
120,111,187,xxl,6
120,111,188,xxl,6
120,111,189,xxl,6
120,112,175,xxl,6
120,112,176,xxl,6
120,112,177,xxl,6
120,112,178,xxl,6
120,112,179,xxl,6
120,112,180,xxl,6
120,112,181,xxl,6
120,112,182,xxl,6
120,112,183,xxl,6
120,112,184,xxl,6
120,112,185,xxl,6
120,112,186,xxl,6
120,112,187,xxl,6
120,112,188,xxl,6
120,112,189,xxl,6
121,108,175,xxl,6
121,108,176,xxl,6
121,108,177,xxl,6
121,108,178,xxl,6
121,108,179,xxl,6
121,108,180,xxl,6
121,108,181,xxl,6
121,108,182,xxl,6
121,108,183,xxl,6
121,108,184,xxl,6
121,108,185,xxl,6
121,108,186,xxl,6
121,108,187,xxl,6
121,108,188,xxl,6
121,108,189,xxl,6
121,109,175,xxl,6
121,109,176,xxl,6
121,109,177,xxl,6
121,109,178,xxl,6
121,109,179,xxl,6
121,109,180,xxl,6
121,109,181,xxl,6
121,109,182,xxl,6
121,109,183,xxl,6
121,109,184,xxl,6
121,109,185,xxl,6
121,109,186,xxl,6
121,109,187,xxl,6
121,109,188,xxl,6
121,109,189,xxl,6
121,110,175,xxl,6
121,110,176,xxl,6
121,110,177,xxl,6
121,110,178,xxl,6
121,110,179,xxl,6
121,110,180,xxl,6
121,110,181,xxl,6
121,110,182,xxl,6
121,110,183,xxl,6
121,110,184,xxl,6
121,110,185,xxl,6
121,110,186,xxl,6
121,110,187,xxl,6
121,110,188,xxl,6
121,110,189,xxl,6
121,111,175,xxl,6
121,111,176,xxl,6
121,111,177,xxl,6
121,111,178,xxl,6
121,111,179,xxl,6
121,111,180,xxl,6
121,111,181,xxl,6
121,111,182,xxl,6
121,111,183,xxl,6
121,111,184,xxl,6
121,111,185,xxl,6
121,111,186,xxl,6
121,111,187,xxl,6
121,111,188,xxl,6
121,111,189,xxl,6
121,112,175,xxl,6
121,112,176,xxl,6
121,112,177,xxl,6
121,112,178,xxl,6
121,112,179,xxl,6
121,112,180,xxl,6
121,112,181,xxl,6
121,112,182,xxl,6
121,112,183,xxl,6
121,112,184,xxl,6
121,112,185,xxl,6
121,112,186,xxl,6
121,112,187,xxl,6
121,112,188,xxl,6
121,112,189,xxl,6
122,108,175,xxl,6
122,108,176,xxl,6
122,108,177,xxl,6
122,108,178,xxl,6
122,108,179,xxl,6
122,108,180,xxl,6
122,108,181,xxl,6
122,108,182,xxl,6
122,108,183,xxl,6
122,108,184,xxl,6
122,108,185,xxl,6
122,108,186,xxl,6
122,108,187,xxl,6
122,108,188,xxl,6
122,108,189,xxl,6
122,109,175,xxl,6
122,109,176,xxl,6
122,109,177,xxl,6
122,109,178,xxl,6
122,109,179,xxl,6
122,109,180,xxl,6
122,109,181,xxl,6
122,109,182,xxl,6
122,109,183,xxl,6
122,109,184,xxl,6
122,109,185,xxl,6
122,109,186,xxl,6
122,109,187,xxl,6
122,109,188,xxl,6
122,109,189,xxl,6
122,110,175,xxl,6
122,110,176,xxl,6
122,110,177,xxl,6
122,110,178,xxl,6
122,110,179,xxl,6
122,110,180,xxl,6
122,110,181,xxl,6
122,110,182,xxl,6
122,110,183,xxl,6
122,110,184,xxl,6
122,110,185,xxl,6
122,110,186,xxl,6
122,110,187,xxl,6
122,110,188,xxl,6
122,110,189,xxl,6
122,111,175,xxl,6
122,111,176,xxl,6
122,111,177,xxl,6
122,111,178,xxl,6
122,111,179,xxl,6
122,111,180,xxl,6
122,111,181,xxl,6
122,111,182,xxl,6
122,111,183,xxl,6
122,111,184,xxl,6
122,111,185,xxl,6
122,111,186,xxl,6
122,111,187,xxl,6
122,111,188,xxl,6
122,111,189,xxl,6
122,112,175,xxl,6
122,112,176,xxl,6
122,112,177,xxl,6
122,112,178,xxl,6
122,112,179,xxl,6
122,112,180,xxl,6
122,112,181,xxl,6
122,112,182,xxl,6
122,112,183,xxl,6
122,112,184,xxl,6
122,112,185,xxl,6
122,112,186,xxl,6
122,112,187,xxl,6
122,112,188,xxl,6
122,112,189,xxl,6
123,108,175,xxl,6
123,108,176,xxl,6
123,108,177,xxl,6
123,108,178,xxl,6
123,108,179,xxl,6
123,108,180,xxl,6
123,108,181,xxl,6
123,108,182,xxl,6
123,108,183,xxl,6
123,108,184,xxl,6
123,108,185,xxl,6
123,108,186,xxl,6
123,108,187,xxl,6
123,108,188,xxl,6
123,108,189,xxl,6
123,109,175,xxl,6
123,109,176,xxl,6
123,109,177,xxl,6
123,109,178,xxl,6
123,109,179,xxl,6
123,109,180,xxl,6
123,109,181,xxl,6
123,109,182,xxl,6
123,109,183,xxl,6
123,109,184,xxl,6
123,109,185,xxl,6
123,109,186,xxl,6
123,109,187,xxl,6
123,109,188,xxl,6
123,109,189,xxl,6
123,110,175,xxl,6
123,110,176,xxl,6
123,110,177,xxl,6
123,110,178,xxl,6
123,110,179,xxl,6
123,110,180,xxl,6
123,110,181,xxl,6
123,110,182,xxl,6
123,110,183,xxl,6
123,110,184,xxl,6
123,110,185,xxl,6
123,110,186,xxl,6
123,110,187,xxl,6
123,110,188,xxl,6
123,110,189,xxl,6
123,111,175,xxl,6
123,111,176,xxl,6
123,111,177,xxl,6
123,111,178,xxl,6
123,111,179,xxl,6
123,111,180,xxl,6
123,111,181,xxl,6
123,111,182,xxl,6
123,111,183,xxl,6
123,111,184,xxl,6
123,111,185,xxl,6
123,111,186,xxl,6
123,111,187,xxl,6
123,111,188,xxl,6
123,111,189,xxl,6
123,112,175,xxl,6
123,112,176,xxl,6
123,112,177,xxl,6
123,112,178,xxl,6
123,112,179,xxl,6
123,112,180,xxl,6
123,112,181,xxl,6
123,112,182,xxl,6
123,112,183,xxl,6
123,112,184,xxl,6
123,112,185,xxl,6
123,112,186,xxl,6
123,112,187,xxl,6
123,112,188,xxl,6
123,112,189,xxl,6
124,108,175,xxl,6
124,108,176,xxl,6
124,108,177,xxl,6
124,108,178,xxl,6
124,108,179,xxl,6
124,108,180,xxl,6
124,108,181,xxl,6
124,108,182,xxl,6
124,108,183,xxl,6
124,108,184,xxl,6
124,108,185,xxl,6
124,108,186,xxl,6
124,108,187,xxl,6
124,108,188,xxl,6
124,108,189,xxl,6
124,109,175,xxl,6
124,109,176,xxl,6
124,109,177,xxl,6
124,109,178,xxl,6
124,109,179,xxl,6
124,109,180,xxl,6
124,109,181,xxl,6
124,109,182,xxl,6
124,109,183,xxl,6
124,109,184,xxl,6
124,109,185,xxl,6
124,109,186,xxl,6
124,109,187,xxl,6
124,109,188,xxl,6
124,109,189,xxl,6
124,110,175,xxl,6
124,110,176,xxl,6
124,110,177,xxl,6
124,110,178,xxl,6
124,110,179,xxl,6
124,110,180,xxl,6
124,110,181,xxl,6
124,110,182,xxl,6
124,110,183,xxl,6
124,110,184,xxl,6
124,110,185,xxl,6
124,110,186,xxl,6
124,110,187,xxl,6
124,110,188,xxl,6
124,110,189,xxl,6
124,111,175,xxl,6
124,111,176,xxl,6
124,111,177,xxl,6
124,111,178,xxl,6
124,111,179,xxl,6
124,111,180,xxl,6
124,111,181,xxl,6
124,111,182,xxl,6
124,111,183,xxl,6
124,111,184,xxl,6
124,111,185,xxl,6
124,111,186,xxl,6
124,111,187,xxl,6
124,111,188,xxl,6
124,111,189,xxl,6
124,112,175,xxl,6
124,112,176,xxl,6
124,112,177,xxl,6
124,112,178,xxl,6
124,112,179,xxl,6
124,112,180,xxl,6
124,112,181,xxl,6
124,112,182,xxl,6
124,112,183,xxl,6
124,112,184,xxl,6
124,112,185,xxl,6
124,112,186,xxl,6
124,112,187,xxl,6
124,112,188,xxl,6
124,112,189,xxl,6
128,116,175,3xl,7
128,116,176,3xl,7
128,116,177,3xl,7
128,116,178,3xl,7
128,116,179,3xl,7
128,116,180,3xl,7
128,116,181,3xl,7
128,116,182,3xl,7
128,116,183,3xl,7
128,116,184,3xl,7
128,116,185,3xl,7
128,116,186,3xl,7
128,116,187,3xl,7
128,116,188,3xl,7
128,116,189,3xl,7
128,117,175,3xl,7
128,117,176,3xl,7
128,117,177,3xl,7
128,117,178,3xl,7
128,117,179,3xl,7
128,117,180,3xl,7
128,117,181,3xl,7
128,117,182,3xl,7
128,117,183,3xl,7
128,117,184,3xl,7
128,117,185,3xl,7
128,117,186,3xl,7
128,117,187,3xl,7
128,117,188,3xl,7
128,117,189,3xl,7
128,118,175,3xl,7
128,118,176,3xl,7
128,118,177,3xl,7
128,118,178,3xl,7
128,118,179,3xl,7
128,118,180,3xl,7
128,118,181,3xl,7
128,118,182,3xl,7
128,118,183,3xl,7
128,118,184,3xl,7
128,118,185,3xl,7
128,118,186,3xl,7
128,118,187,3xl,7
128,118,188,3xl,7
128,118,189,3xl,7
128,119,175,3xl,7
128,119,176,3xl,7
128,119,177,3xl,7
128,119,178,3xl,7
128,119,179,3xl,7
128,119,180,3xl,7
128,119,181,3xl,7
128,119,182,3xl,7
128,119,183,3xl,7
128,119,184,3xl,7
128,119,185,3xl,7
128,119,186,3xl,7
128,119,187,3xl,7
128,119,188,3xl,7
128,119,189,3xl,7
128,120,175,3xl,7
128,120,176,3xl,7
128,120,177,3xl,7
128,120,178,3xl,7
128,120,179,3xl,7
128,120,180,3xl,7
128,120,181,3xl,7
128,120,182,3xl,7
128,120,183,3xl,7
128,120,184,3xl,7
128,120,185,3xl,7
128,120,186,3xl,7
128,120,187,3xl,7
128,120,188,3xl,7
128,120,189,3xl,7
129,116,175,3xl,7
129,116,176,3xl,7
129,116,177,3xl,7
129,116,178,3xl,7
129,116,179,3xl,7
129,116,180,3xl,7
129,116,181,3xl,7
129,116,182,3xl,7
129,116,183,3xl,7
129,116,184,3xl,7
129,116,185,3xl,7
129,116,186,3xl,7
129,116,187,3xl,7
129,116,188,3xl,7
129,116,189,3xl,7
129,117,175,3xl,7
129,117,176,3xl,7
129,117,177,3xl,7
129,117,178,3xl,7
129,117,179,3xl,7
129,117,180,3xl,7
129,117,181,3xl,7
129,117,182,3xl,7
129,117,183,3xl,7
129,117,184,3xl,7
129,117,185,3xl,7
129,117,186,3xl,7
129,117,187,3xl,7
129,117,188,3xl,7
129,117,189,3xl,7
129,118,175,3xl,7
129,118,176,3xl,7
129,118,177,3xl,7
129,118,178,3xl,7
129,118,179,3xl,7
129,118,180,3xl,7
129,118,181,3xl,7
129,118,182,3xl,7
129,118,183,3xl,7
129,118,184,3xl,7
129,118,185,3xl,7
129,118,186,3xl,7
129,118,187,3xl,7
129,118,188,3xl,7
129,118,189,3xl,7
129,119,175,3xl,7
129,119,176,3xl,7
129,119,177,3xl,7
129,119,178,3xl,7
129,119,179,3xl,7
129,119,180,3xl,7
129,119,181,3xl,7
129,119,182,3xl,7
129,119,183,3xl,7
129,119,184,3xl,7
129,119,185,3xl,7
129,119,186,3xl,7
129,119,187,3xl,7
129,119,188,3xl,7
129,119,189,3xl,7
129,120,175,3xl,7
129,120,176,3xl,7
129,120,177,3xl,7
129,120,178,3xl,7
129,120,179,3xl,7
129,120,180,3xl,7
129,120,181,3xl,7
129,120,182,3xl,7
129,120,183,3xl,7
129,120,184,3xl,7
129,120,185,3xl,7
129,120,186,3xl,7
129,120,187,3xl,7
129,120,188,3xl,7
129,120,189,3xl,7
130,116,175,3xl,7
130,116,176,3xl,7
130,116,177,3xl,7
130,116,178,3xl,7
130,116,179,3xl,7
130,116,180,3xl,7
130,116,181,3xl,7
130,116,182,3xl,7
130,116,183,3xl,7
130,116,184,3xl,7
130,116,185,3xl,7
130,116,186,3xl,7
130,116,187,3xl,7
130,116,188,3xl,7
130,116,189,3xl,7
130,117,175,3xl,7
130,117,176,3xl,7
130,117,177,3xl,7
130,117,178,3xl,7
130,117,179,3xl,7
130,117,180,3xl,7
130,117,181,3xl,7
130,117,182,3xl,7
130,117,183,3xl,7
130,117,184,3xl,7
130,117,185,3xl,7
130,117,186,3xl,7
130,117,187,3xl,7
130,117,188,3xl,7
130,117,189,3xl,7
130,118,175,3xl,7
130,118,176,3xl,7
130,118,177,3xl,7
130,118,178,3xl,7
130,118,179,3xl,7
130,118,180,3xl,7
130,118,181,3xl,7
130,118,182,3xl,7
130,118,183,3xl,7
130,118,184,3xl,7
130,118,185,3xl,7
130,118,186,3xl,7
130,118,187,3xl,7
130,118,188,3xl,7
130,118,189,3xl,7
130,119,175,3xl,7
130,119,176,3xl,7
130,119,177,3xl,7
130,119,178,3xl,7
130,119,179,3xl,7
130,119,180,3xl,7
130,119,181,3xl,7
130,119,182,3xl,7
130,119,183,3xl,7
130,119,184,3xl,7
130,119,185,3xl,7
130,119,186,3xl,7
130,119,187,3xl,7
130,119,188,3xl,7
130,119,189,3xl,7
130,120,175,3xl,7
130,120,176,3xl,7
130,120,177,3xl,7
130,120,178,3xl,7
130,120,179,3xl,7
130,120,180,3xl,7
130,120,181,3xl,7
130,120,182,3xl,7
130,120,183,3xl,7
130,120,184,3xl,7
130,120,185,3xl,7
130,120,186,3xl,7
130,120,187,3xl,7
130,120,188,3xl,7
130,120,189,3xl,7
131,116,175,3xl,7
131,116,176,3xl,7
131,116,177,3xl,7
131,116,178,3xl,7
131,116,179,3xl,7
131,116,180,3xl,7
131,116,181,3xl,7
131,116,182,3xl,7
131,116,183,3xl,7
131,116,184,3xl,7
131,116,185,3xl,7
131,116,186,3xl,7
131,116,187,3xl,7
131,116,188,3xl,7
131,116,189,3xl,7
131,117,175,3xl,7
131,117,176,3xl,7
131,117,177,3xl,7
131,117,178,3xl,7
131,117,179,3xl,7
131,117,180,3xl,7
131,117,181,3xl,7
131,117,182,3xl,7
131,117,183,3xl,7
131,117,184,3xl,7
131,117,185,3xl,7
131,117,186,3xl,7
131,117,187,3xl,7
131,117,188,3xl,7
131,117,189,3xl,7
131,118,175,3xl,7
131,118,176,3xl,7
131,118,177,3xl,7
131,118,178,3xl,7
131,118,179,3xl,7
131,118,180,3xl,7
131,118,181,3xl,7
131,118,182,3xl,7
131,118,183,3xl,7
131,118,184,3xl,7
131,118,185,3xl,7
131,118,186,3xl,7
131,118,187,3xl,7
131,118,188,3xl,7
131,118,189,3xl,7
131,119,175,3xl,7
131,119,176,3xl,7
131,119,177,3xl,7
131,119,178,3xl,7
131,119,179,3xl,7
131,119,180,3xl,7
131,119,181,3xl,7
131,119,182,3xl,7
131,119,183,3xl,7
131,119,184,3xl,7
131,119,185,3xl,7
131,119,186,3xl,7
131,119,187,3xl,7
131,119,188,3xl,7
131,119,189,3xl,7
131,120,175,3xl,7
131,120,176,3xl,7
131,120,177,3xl,7
131,120,178,3xl,7
131,120,179,3xl,7
131,120,180,3xl,7
131,120,181,3xl,7
131,120,182,3xl,7
131,120,183,3xl,7
131,120,184,3xl,7
131,120,185,3xl,7
131,120,186,3xl,7
131,120,187,3xl,7
131,120,188,3xl,7
131,120,189,3xl,7
132,116,175,3xl,7
132,116,176,3xl,7
132,116,177,3xl,7
132,116,178,3xl,7
132,116,179,3xl,7
132,116,180,3xl,7
132,116,181,3xl,7
132,116,182,3xl,7
132,116,183,3xl,7
132,116,184,3xl,7
132,116,185,3xl,7
132,116,186,3xl,7
132,116,187,3xl,7
132,116,188,3xl,7
132,116,189,3xl,7
132,117,175,3xl,7
132,117,176,3xl,7
132,117,177,3xl,7
132,117,178,3xl,7
132,117,179,3xl,7
132,117,180,3xl,7
132,117,181,3xl,7
132,117,182,3xl,7
132,117,183,3xl,7
132,117,184,3xl,7
132,117,185,3xl,7
132,117,186,3xl,7
132,117,187,3xl,7
132,117,188,3xl,7
132,117,189,3xl,7
132,118,175,3xl,7
132,118,176,3xl,7
132,118,177,3xl,7
132,118,178,3xl,7
132,118,179,3xl,7
132,118,180,3xl,7
132,118,181,3xl,7
132,118,182,3xl,7
132,118,183,3xl,7
132,118,184,3xl,7
132,118,185,3xl,7
132,118,186,3xl,7
132,118,187,3xl,7
132,118,188,3xl,7
132,118,189,3xl,7
132,119,175,3xl,7
132,119,176,3xl,7
132,119,177,3xl,7
132,119,178,3xl,7
132,119,179,3xl,7
132,119,180,3xl,7
132,119,181,3xl,7
132,119,182,3xl,7
132,119,183,3xl,7
132,119,184,3xl,7
132,119,185,3xl,7
132,119,186,3xl,7
132,119,187,3xl,7
132,119,188,3xl,7
132,119,189,3xl,7
132,120,175,3xl,7
132,120,176,3xl,7
132,120,177,3xl,7
132,120,178,3xl,7
132,120,179,3xl,7
132,120,180,3xl,7
132,120,181,3xl,7
132,120,182,3xl,7
132,120,183,3xl,7
132,120,184,3xl,7
132,120,185,3xl,7
132,120,186,3xl,7
132,120,187,3xl,7
132,120,188,3xl,7
132,120,189,3xl,7
136,124,175,4xl,8
136,124,176,4xl,8
136,124,177,4xl,8
136,124,178,4xl,8
136,124,179,4xl,8
136,124,180,4xl,8
136,124,181,4xl,8
136,124,182,4xl,8
136,124,183,4xl,8
136,124,184,4xl,8
136,124,185,4xl,8
136,124,186,4xl,8
136,124,187,4xl,8
136,124,188,4xl,8
136,124,189,4xl,8
136,125,175,4xl,8
136,125,176,4xl,8
136,125,177,4xl,8
136,125,178,4xl,8
136,125,179,4xl,8
136,125,180,4xl,8
136,125,181,4xl,8
136,125,182,4xl,8
136,125,183,4xl,8
136,125,184,4xl,8
136,125,185,4xl,8
136,125,186,4xl,8
136,125,187,4xl,8
136,125,188,4xl,8
136,125,189,4xl,8
136,126,175,4xl,8
136,126,176,4xl,8
136,126,177,4xl,8
136,126,178,4xl,8
136,126,179,4xl,8
136,126,180,4xl,8
136,126,181,4xl,8
136,126,182,4xl,8
136,126,183,4xl,8
136,126,184,4xl,8
136,126,185,4xl,8
136,126,186,4xl,8
136,126,187,4xl,8
136,126,188,4xl,8
136,126,189,4xl,8
136,127,175,4xl,8
136,127,176,4xl,8
136,127,177,4xl,8
136,127,178,4xl,8
136,127,179,4xl,8
136,127,180,4xl,8
136,127,181,4xl,8
136,127,182,4xl,8
136,127,183,4xl,8
136,127,184,4xl,8
136,127,185,4xl,8
136,127,186,4xl,8
136,127,187,4xl,8
136,127,188,4xl,8
136,127,189,4xl,8
136,128,175,4xl,8
136,128,176,4xl,8
136,128,177,4xl,8
136,128,178,4xl,8
136,128,179,4xl,8
136,128,180,4xl,8
136,128,181,4xl,8
136,128,182,4xl,8
136,128,183,4xl,8
136,128,184,4xl,8
136,128,185,4xl,8
136,128,186,4xl,8
136,128,187,4xl,8
136,128,188,4xl,8
136,128,189,4xl,8
137,124,175,4xl,8
137,124,176,4xl,8
137,124,177,4xl,8
137,124,178,4xl,8
137,124,179,4xl,8
137,124,180,4xl,8
137,124,181,4xl,8
137,124,182,4xl,8
137,124,183,4xl,8
137,124,184,4xl,8
137,124,185,4xl,8
137,124,186,4xl,8
137,124,187,4xl,8
137,124,188,4xl,8
137,124,189,4xl,8
137,125,175,4xl,8
137,125,176,4xl,8
137,125,177,4xl,8
137,125,178,4xl,8
137,125,179,4xl,8
137,125,180,4xl,8
137,125,181,4xl,8
137,125,182,4xl,8
137,125,183,4xl,8
137,125,184,4xl,8
137,125,185,4xl,8
137,125,186,4xl,8
137,125,187,4xl,8
137,125,188,4xl,8
137,125,189,4xl,8
137,126,175,4xl,8
137,126,176,4xl,8
137,126,177,4xl,8
137,126,178,4xl,8
137,126,179,4xl,8
137,126,180,4xl,8
137,126,181,4xl,8
137,126,182,4xl,8
137,126,183,4xl,8
137,126,184,4xl,8
137,126,185,4xl,8
137,126,186,4xl,8
137,126,187,4xl,8
137,126,188,4xl,8
137,126,189,4xl,8
137,127,175,4xl,8
137,127,176,4xl,8
137,127,177,4xl,8
137,127,178,4xl,8
137,127,179,4xl,8
137,127,180,4xl,8
137,127,181,4xl,8
137,127,182,4xl,8
137,127,183,4xl,8
137,127,184,4xl,8
137,127,185,4xl,8
137,127,186,4xl,8
137,127,187,4xl,8
137,127,188,4xl,8
137,127,189,4xl,8
137,128,175,4xl,8
137,128,176,4xl,8
137,128,177,4xl,8
137,128,178,4xl,8
137,128,179,4xl,8
137,128,180,4xl,8
137,128,181,4xl,8
137,128,182,4xl,8
137,128,183,4xl,8
137,128,184,4xl,8
137,128,185,4xl,8
137,128,186,4xl,8
137,128,187,4xl,8
137,128,188,4xl,8
137,128,189,4xl,8
138,124,175,4xl,8
138,124,176,4xl,8
138,124,177,4xl,8
138,124,178,4xl,8
138,124,179,4xl,8
138,124,180,4xl,8
138,124,181,4xl,8
138,124,182,4xl,8
138,124,183,4xl,8
138,124,184,4xl,8
138,124,185,4xl,8
138,124,186,4xl,8
138,124,187,4xl,8
138,124,188,4xl,8
138,124,189,4xl,8
138,125,175,4xl,8
138,125,176,4xl,8
138,125,177,4xl,8
138,125,178,4xl,8
138,125,179,4xl,8
138,125,180,4xl,8
138,125,181,4xl,8
138,125,182,4xl,8
138,125,183,4xl,8
138,125,184,4xl,8
138,125,185,4xl,8
138,125,186,4xl,8
138,125,187,4xl,8
138,125,188,4xl,8
138,125,189,4xl,8
138,126,175,4xl,8
138,126,176,4xl,8
138,126,177,4xl,8
138,126,178,4xl,8
138,126,179,4xl,8
138,126,180,4xl,8
138,126,181,4xl,8
138,126,182,4xl,8
138,126,183,4xl,8
138,126,184,4xl,8
138,126,185,4xl,8
138,126,186,4xl,8
138,126,187,4xl,8
138,126,188,4xl,8
138,126,189,4xl,8
138,127,175,4xl,8
138,127,176,4xl,8
138,127,177,4xl,8
138,127,178,4xl,8
138,127,179,4xl,8
138,127,180,4xl,8
138,127,181,4xl,8
138,127,182,4xl,8
138,127,183,4xl,8
138,127,184,4xl,8
138,127,185,4xl,8
138,127,186,4xl,8
138,127,187,4xl,8
138,127,188,4xl,8
138,127,189,4xl,8
138,128,175,4xl,8
138,128,176,4xl,8
138,128,177,4xl,8
138,128,178,4xl,8
138,128,179,4xl,8
138,128,180,4xl,8
138,128,181,4xl,8
138,128,182,4xl,8
138,128,183,4xl,8
138,128,184,4xl,8
138,128,185,4xl,8
138,128,186,4xl,8
138,128,187,4xl,8
138,128,188,4xl,8
138,128,189,4xl,8
139,124,175,4xl,8
139,124,176,4xl,8
139,124,177,4xl,8
139,124,178,4xl,8
139,124,179,4xl,8
139,124,180,4xl,8
139,124,181,4xl,8
139,124,182,4xl,8
139,124,183,4xl,8
139,124,184,4xl,8
139,124,185,4xl,8
139,124,186,4xl,8
139,124,187,4xl,8
139,124,188,4xl,8
139,124,189,4xl,8
139,125,175,4xl,8
139,125,176,4xl,8
139,125,177,4xl,8
139,125,178,4xl,8
139,125,179,4xl,8
139,125,180,4xl,8
139,125,181,4xl,8
139,125,182,4xl,8
139,125,183,4xl,8
139,125,184,4xl,8
139,125,185,4xl,8
139,125,186,4xl,8
139,125,187,4xl,8
139,125,188,4xl,8
139,125,189,4xl,8
139,126,175,4xl,8
139,126,176,4xl,8
139,126,177,4xl,8
139,126,178,4xl,8
139,126,179,4xl,8
139,126,180,4xl,8
139,126,181,4xl,8
139,126,182,4xl,8
139,126,183,4xl,8
139,126,184,4xl,8
139,126,185,4xl,8
139,126,186,4xl,8
139,126,187,4xl,8
139,126,188,4xl,8
139,126,189,4xl,8
139,127,175,4xl,8
139,127,176,4xl,8
139,127,177,4xl,8
139,127,178,4xl,8
139,127,179,4xl,8
139,127,180,4xl,8
139,127,181,4xl,8
139,127,182,4xl,8
139,127,183,4xl,8
139,127,184,4xl,8
139,127,185,4xl,8
139,127,186,4xl,8
139,127,187,4xl,8
139,127,188,4xl,8
139,127,189,4xl,8
139,128,175,4xl,8
139,128,176,4xl,8
139,128,177,4xl,8
139,128,178,4xl,8
139,128,179,4xl,8
139,128,180,4xl,8
139,128,181,4xl,8
139,128,182,4xl,8
139,128,183,4xl,8
139,128,184,4xl,8
139,128,185,4xl,8
139,128,186,4xl,8
139,128,187,4xl,8
139,128,188,4xl,8
139,128,189,4xl,8
140,124,175,4xl,8
140,124,176,4xl,8
140,124,177,4xl,8
140,124,178,4xl,8
140,124,179,4xl,8
140,124,180,4xl,8
140,124,181,4xl,8
140,124,182,4xl,8
140,124,183,4xl,8
140,124,184,4xl,8
140,124,185,4xl,8
140,124,186,4xl,8
140,124,187,4xl,8
140,124,188,4xl,8
140,124,189,4xl,8
140,125,175,4xl,8
140,125,176,4xl,8
140,125,177,4xl,8
140,125,178,4xl,8
140,125,179,4xl,8
140,125,180,4xl,8
140,125,181,4xl,8
140,125,182,4xl,8
140,125,183,4xl,8
140,125,184,4xl,8
140,125,185,4xl,8
140,125,186,4xl,8
140,125,187,4xl,8
140,125,188,4xl,8
140,125,189,4xl,8
140,126,175,4xl,8
140,126,176,4xl,8
140,126,177,4xl,8
140,126,178,4xl,8
140,126,179,4xl,8
140,126,180,4xl,8
140,126,181,4xl,8
140,126,182,4xl,8
140,126,183,4xl,8
140,126,184,4xl,8
140,126,185,4xl,8
140,126,186,4xl,8
140,126,187,4xl,8
140,126,188,4xl,8
140,126,189,4xl,8
140,127,175,4xl,8
140,127,176,4xl,8
140,127,177,4xl,8
140,127,178,4xl,8
140,127,179,4xl,8
140,127,180,4xl,8
140,127,181,4xl,8
140,127,182,4xl,8
140,127,183,4xl,8
140,127,184,4xl,8
140,127,185,4xl,8
140,127,186,4xl,8
140,127,187,4xl,8
140,127,188,4xl,8
140,127,189,4xl,8
140,128,175,4xl,8
140,128,176,4xl,8
140,128,177,4xl,8
140,128,178,4xl,8
140,128,179,4xl,8
140,128,180,4xl,8
140,128,181,4xl,8
140,128,182,4xl,8
140,128,183,4xl,8
140,128,184,4xl,8
140,128,185,4xl,8
140,128,186,4xl,8
140,128,187,4xl,8
140,128,188,4xl,8
140,128,189,4xl,8
144,132,175,5xl,9
144,132,176,5xl,9
144,132,177,5xl,9
144,132,178,5xl,9
144,132,179,5xl,9
144,132,180,5xl,9
144,132,181,5xl,9
144,132,182,5xl,9
144,132,183,5xl,9
144,132,184,5xl,9
144,132,185,5xl,9
144,132,186,5xl,9
144,132,187,5xl,9
144,132,188,5xl,9
144,132,189,5xl,9
144,133,175,5xl,9
144,133,176,5xl,9
144,133,177,5xl,9
144,133,178,5xl,9
144,133,179,5xl,9
144,133,180,5xl,9
144,133,181,5xl,9
144,133,182,5xl,9
144,133,183,5xl,9
144,133,184,5xl,9
144,133,185,5xl,9
144,133,186,5xl,9
144,133,187,5xl,9
144,133,188,5xl,9
144,133,189,5xl,9
144,134,175,5xl,9
144,134,176,5xl,9
144,134,177,5xl,9
144,134,178,5xl,9
144,134,179,5xl,9
144,134,180,5xl,9
144,134,181,5xl,9
144,134,182,5xl,9
144,134,183,5xl,9
144,134,184,5xl,9
144,134,185,5xl,9
144,134,186,5xl,9
144,134,187,5xl,9
144,134,188,5xl,9
144,134,189,5xl,9
144,135,175,5xl,9
144,135,176,5xl,9
144,135,177,5xl,9
144,135,178,5xl,9
144,135,179,5xl,9
144,135,180,5xl,9
144,135,181,5xl,9
144,135,182,5xl,9
144,135,183,5xl,9
144,135,184,5xl,9
144,135,185,5xl,9
144,135,186,5xl,9
144,135,187,5xl,9
144,135,188,5xl,9
144,135,189,5xl,9
144,136,175,5xl,9
144,136,176,5xl,9
144,136,177,5xl,9
144,136,178,5xl,9
144,136,179,5xl,9
144,136,180,5xl,9
144,136,181,5xl,9
144,136,182,5xl,9
144,136,183,5xl,9
144,136,184,5xl,9
144,136,185,5xl,9
144,136,186,5xl,9
144,136,187,5xl,9
144,136,188,5xl,9
144,136,189,5xl,9
145,132,175,5xl,9
145,132,176,5xl,9
145,132,177,5xl,9
145,132,178,5xl,9
145,132,179,5xl,9
145,132,180,5xl,9
145,132,181,5xl,9
145,132,182,5xl,9
145,132,183,5xl,9
145,132,184,5xl,9
145,132,185,5xl,9
145,132,186,5xl,9
145,132,187,5xl,9
145,132,188,5xl,9
145,132,189,5xl,9
145,133,175,5xl,9
145,133,176,5xl,9
145,133,177,5xl,9
145,133,178,5xl,9
145,133,179,5xl,9
145,133,180,5xl,9
145,133,181,5xl,9
145,133,182,5xl,9
145,133,183,5xl,9
145,133,184,5xl,9
145,133,185,5xl,9
145,133,186,5xl,9
145,133,187,5xl,9
145,133,188,5xl,9
145,133,189,5xl,9
145,134,175,5xl,9
145,134,176,5xl,9
145,134,177,5xl,9
145,134,178,5xl,9
145,134,179,5xl,9
145,134,180,5xl,9
145,134,181,5xl,9
145,134,182,5xl,9
145,134,183,5xl,9
145,134,184,5xl,9
145,134,185,5xl,9
145,134,186,5xl,9
145,134,187,5xl,9
145,134,188,5xl,9
145,134,189,5xl,9
145,135,175,5xl,9
145,135,176,5xl,9
145,135,177,5xl,9
145,135,178,5xl,9
145,135,179,5xl,9
145,135,180,5xl,9
145,135,181,5xl,9
145,135,182,5xl,9
145,135,183,5xl,9
145,135,184,5xl,9
145,135,185,5xl,9
145,135,186,5xl,9
145,135,187,5xl,9
145,135,188,5xl,9
145,135,189,5xl,9
145,136,175,5xl,9
145,136,176,5xl,9
145,136,177,5xl,9
145,136,178,5xl,9
145,136,179,5xl,9
145,136,180,5xl,9
145,136,181,5xl,9
145,136,182,5xl,9
145,136,183,5xl,9
145,136,184,5xl,9
145,136,185,5xl,9
145,136,186,5xl,9
145,136,187,5xl,9
145,136,188,5xl,9
145,136,189,5xl,9
146,132,175,5xl,9
146,132,176,5xl,9
146,132,177,5xl,9
146,132,178,5xl,9
146,132,179,5xl,9
146,132,180,5xl,9
146,132,181,5xl,9
146,132,182,5xl,9
146,132,183,5xl,9
146,132,184,5xl,9
146,132,185,5xl,9
146,132,186,5xl,9
146,132,187,5xl,9
146,132,188,5xl,9
146,132,189,5xl,9
146,133,175,5xl,9
146,133,176,5xl,9
146,133,177,5xl,9
146,133,178,5xl,9
146,133,179,5xl,9
146,133,180,5xl,9
146,133,181,5xl,9
146,133,182,5xl,9
146,133,183,5xl,9
146,133,184,5xl,9
146,133,185,5xl,9
146,133,186,5xl,9
146,133,187,5xl,9
146,133,188,5xl,9
146,133,189,5xl,9
146,134,175,5xl,9
146,134,176,5xl,9
146,134,177,5xl,9
146,134,178,5xl,9
146,134,179,5xl,9
146,134,180,5xl,9
146,134,181,5xl,9
146,134,182,5xl,9
146,134,183,5xl,9
146,134,184,5xl,9
146,134,185,5xl,9
146,134,186,5xl,9
146,134,187,5xl,9
146,134,188,5xl,9
146,134,189,5xl,9
146,135,175,5xl,9
146,135,176,5xl,9
146,135,177,5xl,9
146,135,178,5xl,9
146,135,179,5xl,9
146,135,180,5xl,9
146,135,181,5xl,9
146,135,182,5xl,9
146,135,183,5xl,9
146,135,184,5xl,9
146,135,185,5xl,9
146,135,186,5xl,9
146,135,187,5xl,9
146,135,188,5xl,9
146,135,189,5xl,9
146,136,175,5xl,9
146,136,176,5xl,9
146,136,177,5xl,9
146,136,178,5xl,9
146,136,179,5xl,9
146,136,180,5xl,9
146,136,181,5xl,9
146,136,182,5xl,9
146,136,183,5xl,9
146,136,184,5xl,9
146,136,185,5xl,9
146,136,186,5xl,9
146,136,187,5xl,9
146,136,188,5xl,9
146,136,189,5xl,9
147,132,175,5xl,9
147,132,176,5xl,9
147,132,177,5xl,9
147,132,178,5xl,9
147,132,179,5xl,9
147,132,180,5xl,9
147,132,181,5xl,9
147,132,182,5xl,9
147,132,183,5xl,9
147,132,184,5xl,9
147,132,185,5xl,9
147,132,186,5xl,9
147,132,187,5xl,9
147,132,188,5xl,9
147,132,189,5xl,9
147,133,175,5xl,9
147,133,176,5xl,9
147,133,177,5xl,9
147,133,178,5xl,9
147,133,179,5xl,9
147,133,180,5xl,9
147,133,181,5xl,9
147,133,182,5xl,9
147,133,183,5xl,9
147,133,184,5xl,9
147,133,185,5xl,9
147,133,186,5xl,9
147,133,187,5xl,9
147,133,188,5xl,9
147,133,189,5xl,9
147,134,175,5xl,9
147,134,176,5xl,9
147,134,177,5xl,9
147,134,178,5xl,9
147,134,179,5xl,9
147,134,180,5xl,9
147,134,181,5xl,9
147,134,182,5xl,9
147,134,183,5xl,9
147,134,184,5xl,9
147,134,185,5xl,9
147,134,186,5xl,9
147,134,187,5xl,9
147,134,188,5xl,9
147,134,189,5xl,9
147,135,175,5xl,9
147,135,176,5xl,9
147,135,177,5xl,9
147,135,178,5xl,9
147,135,179,5xl,9
147,135,180,5xl,9
147,135,181,5xl,9
147,135,182,5xl,9
147,135,183,5xl,9
147,135,184,5xl,9
147,135,185,5xl,9
147,135,186,5xl,9
147,135,187,5xl,9
147,135,188,5xl,9
147,135,189,5xl,9
147,136,175,5xl,9
147,136,176,5xl,9
147,136,177,5xl,9
147,136,178,5xl,9
147,136,179,5xl,9
147,136,180,5xl,9
147,136,181,5xl,9
147,136,182,5xl,9
147,136,183,5xl,9
147,136,184,5xl,9
147,136,185,5xl,9
147,136,186,5xl,9
147,136,187,5xl,9
147,136,188,5xl,9
147,136,189,5xl,9
148,132,175,5xl,9
148,132,176,5xl,9
148,132,177,5xl,9
148,132,178,5xl,9
148,132,179,5xl,9
148,132,180,5xl,9
148,132,181,5xl,9
148,132,182,5xl,9
148,132,183,5xl,9
148,132,184,5xl,9
148,132,185,5xl,9
148,132,186,5xl,9
148,132,187,5xl,9
148,132,188,5xl,9
148,132,189,5xl,9
148,133,175,5xl,9
148,133,176,5xl,9
148,133,177,5xl,9
148,133,178,5xl,9
148,133,179,5xl,9
148,133,180,5xl,9
148,133,181,5xl,9
148,133,182,5xl,9
148,133,183,5xl,9
148,133,184,5xl,9
148,133,185,5xl,9
148,133,186,5xl,9
148,133,187,5xl,9
148,133,188,5xl,9
148,133,189,5xl,9
148,134,175,5xl,9
148,134,176,5xl,9
148,134,177,5xl,9
148,134,178,5xl,9
148,134,179,5xl,9
148,134,180,5xl,9
148,134,181,5xl,9
148,134,182,5xl,9
148,134,183,5xl,9
148,134,184,5xl,9
148,134,185,5xl,9
148,134,186,5xl,9
148,134,187,5xl,9
148,134,188,5xl,9
148,134,189,5xl,9
148,135,175,5xl,9
148,135,176,5xl,9
148,135,177,5xl,9
148,135,178,5xl,9
148,135,179,5xl,9
148,135,180,5xl,9
148,135,181,5xl,9
148,135,182,5xl,9
148,135,183,5xl,9
148,135,184,5xl,9
148,135,185,5xl,9
148,135,186,5xl,9
148,135,187,5xl,9
148,135,188,5xl,9
148,135,189,5xl,9
148,136,175,5xl,9
148,136,176,5xl,9
148,136,177,5xl,9
148,136,178,5xl,9
148,136,179,5xl,9
148,136,180,5xl,9
148,136,181,5xl,9
148,136,182,5xl,9
148,136,183,5xl,9
148,136,184,5xl,9
148,136,185,5xl,9
148,136,186,5xl,9
148,136,187,5xl,9
148,136,188,5xl,9
148,136,189,5xl,9
